345418008166413,Fisher and Sons,880-410-6112,6 Haas Court,rbowditch2@ftc.gov
3552732246356574,Hayes-Mills,269-906-6637,4 Homewood Place,pfeasey3@prnewswire.com
5007666058002213,Pacocha and Sons,751-632-6748,3823 Commercial Avenue,lmcterlagh4@amazonaws.com
3555856874555285,Mueller-Yundt,582-666-7153,77702 Bowman Center,nszymanzyk5@ocn.ne.jp
3583633150408281,Schamberger-Hartmann,504-104-5460,14 Ronald Regan Road,blohrensen6@illinois.edu
5126196357947849,Ryan and Sons,612-876-1528,632 Truax Avenue,rplester7@slate.com
5020080861679683,Morar Inc,325-984-4922,2 Main Alley,smichelle8@nytimes.com
3542314723606871,"Thiel, Glover and Shanahan",937-140-3921,864 Lunder Avenue,wwardall9@goodreads.com
5020112414665610,Bernhard-Carroll,319-986-5247,7297 Ramsey Court,rtrittama@ftc.gov
3569475801415820,Gislason LLC,486-608-1379,43 Clove Terrace,tcanerob@chron.com
372301290814740,Purdy-Kirlin,421-993-0603,0454 Lakewood Hill,vklaggesc@nyu.edu
374182730046624,Cole-Davis,880-692-1420,6213 Merrick Terrace,cpigneyd@wunderground.com
3540545419003590,"Boyer, Quigley and Wiza",290-447-5167,29 Moulton Junction,sseife@miitbeian.gov.cn
3580328556646104,Fay LLC,419-759-1089,88593 David Avenue,ssickamoref@infoseek.co.jp
3532366859377885,Halvorson-Flatley,468-472-2034,434 Dawn Point,cjansensg@people.com.cn
3554213112398337,O'Keefe-Mohr,758-778-4504,6 Steensland Park,pskaceh@vk.com
3547854701028205,O'Keefe and Sons,771-601-9738,901 Hermina Circle,tcriplei@google.co.uk
5020654857285398,"Morar, Pfannerstill and Schumm",732-899-5415,7781 Tennyson Place,poclovanj@canalblog.com
6370404721512336,Lind and Sons,645-979-2408,1 Westerfield Terrace,bneedsk@scribd.com
4844380388842583,O'Conner Inc,106-588-4419,3 Golf View Parkway,eeadmeadsl@tiny.cc
3556952873145480,Tremblay-Rath,286-523-8245,30 Pond Pass,sfairfoulm@rakuten.co.jp
5583733196032775,Murray-Schroeder,503-402-8211,77 Knutson Court,murenn@hostgator.com
3582245429326086,"MacGyver, Konopelski and Lowe",357-977-1807,8577 Summerview Center,nleveno@yellowpages.com
3531817842584285,Bosco-Brekke,220-280-2970,5 Lakeland Court,nrullerp@de.vu
3540290009061258,Kihn-Boehm,527-756-6529,3 Walton Avenue,kaersq@imgur.com
374288817732380,Johnston and Sons,244-536-5953,162 Dixon Pass,mwynnr@ucsd.edu
3535233690221804,Mante-Carter,767-484-2579,22920 Dayton Alley,dplails@home.pl
3547100494950902,"Bogan, Simonis and Aufderhar",354-987-5625,8 Luster Center,packermant@globo.com
3564555071132935,"Braun, Keebler and Kihn",945-699-2779,0699 Reinke Terrace,rsmeathu@statcounter.com
4844334567479055,Parisian-Rosenbaum,879-378-0249,36285 Mockingbird Road,bdedantesiev@vimeo.com
56022279107806222,Murphy-Wiza,586-905-2975,85061 Fulton Avenue,smiskw@indiegogo.com
374622178959788,Hoeger and Sons,667-970-2581,3725 Katie Hill,ctoppinx@soundcloud.com
30506593532658,Harvey LLC,900-813-8477,46003 Paget Road,tduligaly@arstechnica.com
5007661822690666,"Kuhlman, Ziemann and D'Amore",551-183-6183,03 Brown Court,agrigolonz@ucla.edu
3530507271169010,Kuphal-Hand,328-742-8482,543 Moland Alley,kdowbiggin10@gmpg.org
6761293557176697,Borer-Boyle,924-589-9993,3 Arapahoe Point,mnevin11@house.gov
4905497430608676446,"Lind, Osinski and Toy",519-988-7703,1468 Mitchell Point,cjordeson12@nhs.uk
5100139392652057,Durgan-Zemlak,516-528-1168,71508 Acker Pass,ddudderidge13@youtube.com
3542403009327276,Waters-Padberg,242-891-3268,0826 Texas Terrace,lrosenkranc14@upenn.edu
4175005195571963,"Wolff, Moore and Ankunding",215-550-7205,80 Swallow Trail,sonions15@nbcnews.com
3570419895914022,Metz and Sons,807-183-0606,346 Summit Circle,dbrahams16@mysql.com
3533948311243463,"Mraz, Hettinger and Gutmann",250-326-9514,8215 Granby Street,wbrownsell17@oracle.com
201902591525906,Kessler-Ebert,406-406-0840,45362 Lake View Hill,hhoundsom18@macromedia.com
3531742762940079,Koss Group,352-491-0823,45 Portage Way,awithnall19@cisco.com
373437986319294,"Price, Parker and Bartoletti",791-335-3699,47 Magdeline Street,jrougier1a@com.com
30083454143991,Mitchell Inc,255-951-6087,1 Twin Pines Junction,pkowalik1b@booking.com
3563261035466037,Wiza and Sons,543-209-5935,4 Sheridan Terrace,esiemon1c@naver.com
561039662832241734,"Murazik, O'Connell and Spinka",192-639-5669,445 Clyde Gallagher Way,bfaires1d@mapquest.com
5602250340857665,Jaskolski-Stroman,792-973-9038,7 Menomonie Plaza,tloody1e@microsoft.com
201796377539929,Bayer and Sons,151-644-2126,13266 Fremont Street,zdaughtry1f@mail.ru
3562766864467634,Oberbrunner-Bode,578-674-6338,46321 Quincy Terrace,hmiche1g@flickr.com
3577410206302026,Klocko LLC,866-121-8743,0 Birchwood Avenue,dbattrick1h@adobe.com
3568762574247303,"Beahan, Torp and Ward",352-915-0948,2 Arkansas Crossing,akusick1i@answers.com
5007667003514930,Rippin Group,703-615-5947,211 Johnson Avenue,sarnaldy1j@51.la
3565368713780338,"Quigley, Hansen and Mosciski",297-760-4955,08 Nancy Junction,naguirrezabala1k@ustream.tv
5100132416522091,"Feil, O'Reilly and Daniel",674-729-9057,785 Birchwood Pass,aferneley1l@sfgate.com
201584889057329,Williamson-Langosh,786-354-3569,821 East Street,tokinneally1m@earthlink.net
5602218411524522,McCullough-Koss,686-569-2478,15469 Hermina Lane,rshawdforth1n@google.com
3577483488884557,Davis-Ernser,261-605-2973,0916 Ramsey Road,wbonifazio1o@zimbio.com
58930725449296222,Cummings-Nader,263-186-4916,9658 Lakewood Street,jtees1p@jugem.jp
3559153371397353,Hettinger Inc,709-872-9775,4553 Cascade Plaza,vyare1q@vinaora.com
3581857323952246,Hyatt LLC,825-337-0079,63953 Holy Cross Center,ceberts1r@washington.edu
4041372163238,Rippin and Sons,791-979-9982,2415 Express Plaza,nlapadula1s@e-recht24.de
5048372352880674,Deckow Inc,441-640-2989,62 School Way,edevenport1t@com.com
6333041883096270375,"Streich, Legros and Wehner",531-241-4690,72 Cottonwood Point,lleeves1u@pen.io
3529710636949596,Jerde LLC,517-599-5407,3 Carioca Trail,rhutton1v@gizmodo.com
4844410033579452,Ruecker LLC,236-204-4344,2 Mifflin Circle,msweetenham1w@simplemachines.org
5602230807742527,Kihn and Sons,147-250-3424,0 Amoth Court,djobling1x@youtube.com
3571766137568084,Padberg LLC,589-219-9564,85 Browning Court,cgartrell1y@dagondesign.com
4844243678368992,Zulauf-Baumbach,818-878-5098,75872 Nancy Terrace,khilley1z@who.int
3548226219891623,"Daniel, Pollich and Lynch",989-617-0315,7 Florence Road,zcarrigan20@state.gov
5002352859189781,Anderson LLC,685-808-5265,85535 Hintze Park,plampitt21@weebly.com
3546063774559515,Bernier-Greenfelder,667-389-5138,70 Farwell Way,nlyman22@oakley.com
372301053853422,Watsica-King,132-488-7094,96472 Blaine Parkway,nmcnirlin23@mozilla.org
5428077303989058,Cruickshank-Brakus,159-951-0384,91392 Reindahl Crossing,ecostain24@bbb.org
560224921986631943,Farrell-Douglas,379-109-3129,71751 Atwood Point,pcovino25@businessweek.com
3568057075946929,Kemmer LLC,479-716-4565,1 Hudson Alley,pshank26@devhub.com
3560048504082111,"Hodkiewicz, Ullrich and Sanford",775-525-8517,0 Buena Vista Trail,bengall27@techcrunch.com
4026725381824121,Skiles-Tremblay,472-867-9117,721 Cody Parkway,trummery28@wikia.com
4026862837821565,Hickle-Breitenberg,849-680-5552,1 Katie Place,rnuttall29@sciencedaily.com
4026606035476999,Ritchie and Sons,842-656-4596,58701 Heath Plaza,camoore2a@unc.edu
6333279906218693,Stoltenberg-Yost,854-514-1219,46411 Rutledge Terrace,kseniour2b@tiny.cc
3545366896849495,"Paucek, Nienow and Predovic",898-323-5461,96329 Starling Road,fscipsey2c@cmu.edu
5492463225573504,Jones and Sons,742-670-8751,62 Di Loreto Terrace,sbeekmann2d@desdev.cn
30138967134489,"Schamberger, Pagac and Luettgen",384-196-1747,83 Hallows Drive,mbaish2e@salon.com
376942043733921,Lockman-Harber,115-592-5949,11881 Oakridge Junction,agilmore2f@vinaora.com
3574701759741898,Beier LLC,792-465-8828,0 Magdeline Point,amcduffie2g@blogspot.com
4844238897927479,"Spencer, Borer and Klocko",460-888-2270,12 Dwight Lane,jblyden2h@apple.com
3573555177641622,Heller-Gibson,125-204-0410,7 Crownhardt Alley,geckersall2i@google.co.jp
3551455126798704,Volkman Inc,607-988-4472,25 Mesta Terrace,wcalow2j@scribd.com
3537804544310262,Harris Inc,297-165-3093,1047 Chive Circle,waspland2k@tinyurl.com
5101606190431701,"Hamill, Armstrong and Ortiz",125-581-5654,1257 Chinook Drive,bgooke2l@123-reg.co.uk
3553530909979743,"Maggio, Hodkiewicz and Willms",368-910-4246,45243 Prairieview Lane,ejerrams2m@smugmug.com
4903052018832245658,Abbott Inc,897-791-0923,839 Northwestern Lane,cgallardo2n@last.fm
201618030244251,"Marquardt, Hirthe and Kuvalis",478-719-3590,18 Luster Lane,vklosterman2o@dion.ne.jp
3552869176840381,Rodriguez Inc,372-883-2654,71704 Grover Pass,tmacgowing2p@youtube.com
201542720154903,"Lesch, Kuhn and Wyman",884-958-2703,25 Michigan Lane,ededdum2q@indiatimes.com
372301329874319,"Stark, Cruickshank and Conn",543-811-5453,1695 Ludington Park,ggregoretti2r@techcrunch.com
5417949843189840,Dooley Group,544-638-1217,0 Pawling Junction,ltewkesbury2s@pagesperso-orange.fr
3537447179069355,"Tremblay, Beer and Witting",592-365-7227,92311 Veith Avenue,bhitter2t@vistaprint.com
3538464418816040,"Schamberger, Barton and Marquardt",303-860-4439,6918 Anthes Road,rgoudy2u@redcross.org
5020991680899591781,Blanda Group,258-153-8703,9 Ridgeway Avenue,dbryant2v@dropbox.com
675913913069592615,"Crooks, Daniel and Wisoky",412-962-1398,3 Logan Trail,bvant2w@squidoo.com
5562796098018213,Altenwerth-Ward,144-596-4061,837 Springview Court,htimby2x@blog.com
5602256812489762,Effertz-Abbott,867-111-9235,5310 Vera Park,whumphrys2y@youku.com
3534571384399225,Simonis-Wilkinson,546-471-9008,7 Lunder Circle,mkares2z@nydailynews.com
3533936562566203,Klocko-Conn,645-561-6240,47 Loftsgordon Street,dbimson30@discuz.net
201742277004168,Kuhlman and Sons,637-973-2529,59 Columbus Center,rbyrde31@businessinsider.com
5610298249503726825,Schinner-Stoltenberg,425-208-0130,6311 Sunfield Alley,spippard32@stanford.edu
5100137281096477,Bailey Inc,369-696-3907,51 School Parkway,cbunworth33@walmart.com
3548365051756807,Corwin-Rutherford,890-543-0817,7482 Farwell Street,bcossans34@princeton.edu
346326787616541,Littel Group,455-466-4595,8179 Morrow Road,lsheavills35@comcast.net
30508850361722,Ratke-Murphy,113-807-2249,040 Bonner Terrace,sdidomenico36@flavors.me
5602236619250286870,Schneider and Sons,299-879-8729,38673 Rusk Trail,eboylin37@topsy.com
4905543363011256544,Cole Group,630-785-6658,88693 Green Ridge Junction,lwitheford38@stanford.edu
4911942239019002947,Collier Group,606-984-9125,9174 Delaware Parkway,acapewell39@economist.com
3532920386614556,Hyatt-Feest,354-710-3428,8 Mosinee Drive,cjarry3a@fastcompany.com
3577469544286879,Cummerata-Weimann,796-888-2027,38747 Onsgard Place,mgrundell3b@cdbaby.com
3555172378064976,"Johns, Koelpin and Hartmann",224-126-5012,90722 Atwood Parkway,ehakonsen3c@macromedia.com
6759035843913778343,Adams Inc,415-128-0646,8493 Spaight Trail,gmorden3d@google.it
201801509131072,Rogahn and Sons,908-211-4661,63 Clarendon Road,tsouthwick3e@dion.ne.jp
3539264403999135,"Osinski, Osinski and Dickens",448-959-1468,721 Melody Junction,hpantone3f@acquirethisname.com
3567296992678725,"Sauer, Hickle and Altenwerth",478-451-7962,0260 Pine View Drive,raudenis3g@indiegogo.com
3560100596956080,Heller and Sons,923-718-9756,4644 Oneill Avenue,fcrinidge3h@amazon.co.uk
4917395927777183,"Cole, Shanahan and Price",822-304-7468,0459 7th Lane,babrahamson3i@mysql.com
5602235618881604,Flatley-Lindgren,805-204-1315,7 Westridge Point,eauten3j@mayoclinic.com
3544025905636092,"Hand, Fahey and Sawayn",332-351-4726,565 Florence Lane,mdenford3k@liveinternet.ru
4903671499829404,Schuppe Group,610-653-8286,10 Delladonna Center,smullan3l@washingtonpost.com
5100173484442549,"Rowe, Heidenreich and Schroeder",940-665-5198,7 Butterfield Park,vwilloughey3m@google.pl
6762719399366171632,Strosin-Kohler,798-865-6038,94 Browning Circle,hchomley3n@webeden.co.uk
4913915377778284,Oberbrunner-O'Keefe,509-259-6698,0 Barby Way,mdorrell3o@mtv.com
374283151784717,Schmeler-Padberg,528-799-3059,2 Autumn Leaf Park,glothean3p@linkedin.com
3541993279599571,Marks Inc,213-466-4790,3 La Follette Point,asherry3q@tmall.com
4913322960546162,Hayes-Langosh,248-595-9147,269 Dottie Park,glimpertz3r@nba.com
3586533766368878,Leuschke LLC,589-988-6859,543 Bay Parkway,vcostelloe3s@simplemachines.org
5505974583043083,Nikolaus and Sons,252-772-3660,3 Claremont Circle,echezelle3t@weibo.com
491162123230060431,Wolff Group,243-285-3094,6820 Roth Lane,mecclestone3u@archive.org
3560796025297598,Blanda-Nitzsche,118-508-1725,80 8th Point,vsiveter3v@slate.com
5610434049456819,Vandervort-Hansen,777-772-5590,801 Straubel Junction,ejeffry3w@live.com
5100130709837994,Bauch LLC,698-372-0314,37 Cordelia Plaza,ndiplock3x@businesswire.com
56022505383327503,"Wisozk, Oberbrunner and Wintheiser",724-884-6478,922 Browning Park,obedberry3y@sina.com.cn
3528130244039683,"Bahringer, Wisozk and Prosacco",610-592-6067,715 Cody Place,bkillingbeck3z@nhs.uk
3536610813187518,McCullough Group,793-982-0647,41 Independence Center,egrissett40@icq.com
3588443872138579,"Zboncak, Sanford and Mitchell",144-894-6443,2081 Dixon Avenue,bturbayne41@yolasite.com
201664368796629,Quigley-Bartoletti,149-294-2870,859 Waywood Circle,mbothwell42@nbcnews.com
3555593340805495,Hessel-Block,235-140-1267,5618 Doe Crossing Terrace,dmolloy43@amazon.co.uk
3567373505250274,Spinka and Sons,286-488-8286,0660 3rd Hill,gescalante44@netscape.com
3547674283359590,"Kulas, Mills and Oberbrunner",815-475-2971,139 Jana Terrace,dhugo45@gmpg.org
5602257701344182853,"Dooley, Upton and Spencer",987-182-7706,85 Merrick Parkway,dkeble46@sphinn.com
5602251751782202,"Hermann, Schuster and Huels",832-655-0669,6732 Hanover Pass,tobin47@domainmarket.com
3556349486043451,"Bayer, Schoen and Padberg",912-892-6486,5356 Lake View Lane,rdunbavin48@pinterest.com
5602224413843647135,Sipes-Aufderhar,377-652-1932,70079 Cherokee Street,achadwin49@psu.edu
3572659876541686,"Klein, Douglas and Stokes",700-396-8759,87 Northfield Junction,rodde4a@1und1.de
3559408317868275,Corwin LLC,598-793-5099,0 Farragut Avenue,adufour4b@amazonaws.com
5641828196320772,"Little, McClure and White",923-831-0882,2 Arrowood Road,nverbeek4c@archive.org
5602227998643258,"Ferry, Kovacek and Bogan",596-603-2658,890 Milwaukee Terrace,llaugharne4d@theglobeandmail.com
3565922832975995,"Wiegand, Walter and Donnelly",217-143-2045,0 Duke Point,jdengate4e@theatlantic.com
3551849219898258,"Barrows, Wisozk and Dooley",139-431-8887,4198 Toban Trail,hgaffney4f@accuweather.com
374622436941321,"Schmidt, Carroll and Okuneva",110-209-6585,74298 Warrior Hill,sdunsford4g@cornell.edu
3537720901867548,Turcotte-Schumm,192-802-5096,42 Columbus Crossing,rheffron4h@nytimes.com
5602230247238548702,"Morissette, Dietrich and Kuhlman",112-436-5949,88 Loeprich Parkway,sshale4i@google.pl
3558770211270366,"Mayert, Mertz and Aufderhar",924-151-7324,83 Hoepker Terrace,kgwyer4j@biblegateway.com
4903134624408057,Mayer-Altenwerth,682-556-5377,81 Cottonwood Junction,dreaper4k@de.vu
3589668728395663,Zulauf-Willms,124-835-3888,528 Rigney Pass,bhentze4l@symantec.com
6388127672334109,Abbott-Pouros,500-982-3187,07591 Calypso Court,wragate4m@wordpress.org
337941152576590,Kunze Inc,371-800-2383,9134 Bunker Hill Crossing,smcgillacoell4n@zimbio.com
3557782255715447,"Ratke, Kunde and Kuphal",202-701-7336,81 Warbler Street,fcare4o@usgs.gov
3532491437197470,Muller Inc,809-894-1697,99 Dovetail Court,ranwell4p@whitehouse.gov
3578219031414040,Paucek-Gleason,281-669-1275,8 New Castle Plaza,dstave4q@bbc.co.uk
3579288262393206,Green-Hauck,266-704-6212,6605 Hanson Trail,gwass4r@edublogs.org
3540596102159249,Koch Group,895-369-7664,837 Mcguire Drive,okepe4s@flickr.com
5007662902738854,Dibbert-O'Connell,571-804-8783,3774 Tennessee Plaza,cvala4t@redcross.org
30114634919388,Jacobs Inc,106-273-7297,686 Pierstorff Crossing,jbrevetor4u@nba.com
3577198138174650,Kreiger-Cruickshank,808-171-2486,9 Troy Road,hdenerley4v@ucoz.com
4913670062943228,"Grady, Runte and Bogan",255-288-5003,327 Manitowish Court,dbedward4w@rambler.ru
3538735881461434,Heathcote-Douglas,571-575-8907,9561 Caliangt Avenue,olambrick4x@unc.edu
5524094428199789,Senger-Huels,734-626-2634,50 Arizona Lane,cjeens4y@ovh.net
3578124967064951,Cronin-Berge,780-305-5957,529 Mayfield Parkway,dsealey4z@unesco.org
337941547232693,"Bechtelar, Collins and Mayer",299-890-5843,2 Buena Vista Terrace,mcubbini50@photobucket.com
3544755837024831,Nader-Quigley,550-870-2389,583 Graceland Drive,djopling51@hc360.com
3589208940446901,Upton-Auer,518-570-0017,36 Moose Junction,opauleit52@networkadvertising.org
4175001404718412,"Kunze, Crona and Buckridge",169-286-4854,1939 Lerdahl Court,akenderdine53@unicef.org
4844572632773073,Kassulke-Hodkiewicz,338-500-9769,7 1st Junction,smaliffe54@blogs.com
5048376416664321,Kris Inc,799-602-6078,268 Reinke Trail,cseager55@ocn.ne.jp
3531552025616345,Haley-Cronin,507-464-1277,41 Fair Oaks Place,kgrahamslaw56@usa.gov
3535969355141957,"Cummings, White and Casper",277-656-1731,931 Summit Alley,nbranthwaite57@acquirethisname.com
201764232228179,"Osinski, Hettinger and Bogan",992-824-3324,999 Cambridge Terrace,tottewell58@amazon.co.uk
3586967166983250,Thompson Inc,334-853-4087,186 Eastwood Street,sgodbert59@ezinearticles.com
564182165951615497,Heller LLC,127-496-6011,204 Eagle Crest Parkway,troback5a@360.cn
201686263597661,Denesik-Harber,340-148-6695,06 Amoth Center,ecastells5b@mapquest.com
3569889905164201,Ullrich-Marks,855-366-8922,47692 Union Avenue,wcloney5c@pagesperso-orange.fr
3580307785341059,Mante LLC,198-693-8228,538 Kim Pass,blilie5d@networkadvertising.org
6767671210436612,Oberbrunner and Sons,803-333-7549,4495 Eggendart Pass,goldman5e@china.com.cn
501816271461639096,Senger-O'Kon,530-869-3699,4 Eastwood Street,ashailer5f@mozilla.org
5010122498273258,"Bernier, Legros and Harvey",117-699-7347,81 Rowland Drive,ffoxton5g@jigsy.com
5038099226851102598,Ziemann-McGlynn,256-943-7246,9 Hoepker Trail,amarusic5h@soundcloud.com
5002354430231249,Greenholt-Ryan,259-878-0737,24 1st Point,cyurygyn5i@reuters.com
201510622773872,Ledner Inc,927-742-0691,5 Service Plaza,dskelly5j@dagondesign.com
3566882623325355,"Lubowitz, Gibson and Weissnat",704-686-6180,32966 Northview Way,ggisbye5k@soup.io
6392681550842165,Borer Group,190-837-3572,6 Birchwood Plaza,pquinby5l@gov.uk
3573225557586538,Lebsack Inc,308-688-4588,8817 Center Junction,gbuckeridge5m@t.co
3529398883411534,"Frami, Ziemann and Krajcik",450-840-6650,2294 Graedel Road,rescott5n@redcross.org
30071576564491,"Feil, Mraz and Wolff",393-601-6058,60 Del Mar Pass,nmandrake5o@t-online.de
5412509131556681,Dibbert and Sons,722-616-1521,37707 Chinook Place,lrenard5p@spotify.com
36504677158643,Jones LLC,318-229-1133,434 Ryan Court,cwoodington5q@wikimedia.org
3554523579233987,Mohr Group,614-372-5517,60740 Scott Lane,lpaoli5r@salon.com
3552366926708505,Grady-Treutel,401-542-6768,0 Transport Court,ketherington5s@unesco.org
5602218878247062,Vandervort Group,918-604-8224,38688 Laurel Circle,rbayns5t@pbs.org
3589327727033003,Ziemann and Sons,964-336-5677,49285 Warner Parkway,tupcott5u@diigo.com
3563390715130231,"Nitzsche, Eichmann and Collins",287-993-8463,12095 Vera Center,slanyon5v@theguardian.com
3577785180995071,"Moen, Christiansen and Swaniawski",512-595-7160,3 Schurz Lane,mcutmare5w@latimes.com
5602230628112546,Hoeger-Nolan,414-921-4856,270 Fordem Drive,rmcgoon5x@amazon.de
3563091909675847,Kuphal-Schmitt,998-272-7180,208 Del Mar Place,rballsdon5y@studiopress.com
5100146049146854,"Bednar, Gerhold and Nitzsche",214-807-3661,4665 Autumn Leaf Avenue,mclulow5z@1688.com
3588164945866844,"Haag, Wunsch and Hickle",488-280-1921,991 Messerschmidt Junction,mdurkin60@pinterest.com
3540871636095239,Hodkiewicz Inc,771-811-4900,9 North Court,hkaygill61@goo.gl
493687474270201738,Bradtke-Leannon,843-494-6110,76576 Mesta Alley,mpepperd62@nasa.gov
6388179562659186,"Ernser, O'Hara and Bradtke",315-235-2245,40343 Hayes Road,fworner63@youtube.com
3570448446613031,White Group,429-247-4131,9468 Sutherland Avenue,tkinsley64@ifeng.com
560225262609427792,"Beer, Dooley and Legros",535-449-5205,603 Huxley Center,bfutter65@marriott.com
3565105432458287,Koch-Kling,549-940-4274,56048 Fair Oaks Court,reffaunt66@mediafire.com
4041373782647972,Heidenreich and Sons,656-874-9720,4 Jenna Road,broke67@1und1.de
4017952210146846,Goyette Inc,740-523-8145,5666 Pawling Point,leaves68@aol.com
6762166572480493,"Prosacco, Kautzer and Armstrong",838-615-4327,045 Thompson Crossing,elines69@uol.com.br
675910689043067352,"Spencer, Klocko and Brown",552-774-2508,9815 Saint Paul Drive,rphlippi6a@ihg.com
5602212589336165,Hegmann LLC,230-510-2250,82863 Eliot Hill,waitkin6b@cpanel.net
5576411148004197,Cassin LLC,556-817-7743,061 Blackbird Street,echmarny6c@nhs.uk
5108750251243820,Schiller Group,978-224-1952,344 Armistice Center,imatschek6d@wordpress.com
3538860362818223,Bahringer-Hoppe,962-958-2039,3972 East Alley,atapper6e@hp.com
5100131850175333,Strosin and Sons,268-439-4292,61 Russell Trail,avaan6f@last.fm
6304057796395762,O'Kon Inc,423-152-0399,8 Dixon Junction,jliverock6g@posterous.com
4508822809142959,Heathcote-Abbott,548-309-2922,66 Holmberg Junction,dcary6h@sina.com.cn
4041373765171,Kemmer Group,804-198-9808,6 Westport Park,bcammis6i@comcast.net
3582259681504074,Cassin Inc,801-855-3247,108 Harbort Circle,rbiggans6j@sitemeter.com
3578039256648365,Keebler-Hessel,464-935-8447,2 Arkansas Way,dcharlick6k@linkedin.com
5493048504807522,Pfannerstill-Corkery,452-916-1810,0 John Wall Drive,rmerill6l@ycombinator.com
50184542316335383,Gulgowski-Considine,790-239-2466,96944 Merchant Place,asargint6m@yolasite.com
6383876501322983,"Hilll, Bashirian and Kemmer",150-411-6206,47 Utah Trail,acortez6n@about.com
5100147760224573,Simonis-Miller,481-737-7443,030 Bultman Place,tmcginty6o@cdbaby.com
30386593115238,"Barton, Greenfelder and Herzog",892-976-1709,82 Portage Court,rmulvany6p@opensource.org
3549534724302732,Schuster Group,380-871-0772,6229 Elka Park,dfullagar6q@google.com.br
5610262284652531,Fritsch LLC,271-606-2699,07 Macpherson Crossing,fchiles6r@mapy.cz
589379263523583267,"Christiansen, Kutch and Hane",625-637-9269,8585 Sachs Avenue,rmardoll6s@cbc.ca
3533401723251807,Beer-Anderson,156-489-0453,863 Ilene Court,dpainswick6t@nature.com
3549986650215678,"Schimmel, Haag and Boehm",470-766-4671,87 Dayton Drive,tcarmen6u@flavors.me
5602241597815819547,Zulauf-Christiansen,388-285-1774,2508 Troy Drive,sfaulo6v@usa.gov
3577499932616353,Quigley-Marvin,865-674-8820,52287 Sullivan Point,tpurchase6w@cdbaby.com
3534934245773436,"Ziemann, Abernathy and Schaden",813-333-6784,8 Waxwing Avenue,bgothup6x@printfriendly.com
4508810392315272,Lockman-Heaney,547-123-9124,90995 Eagle Crest Place,efinney6y@auda.org.au
56022268096234827,Herman-Beahan,397-166-5581,1 Jenifer Place,jlotze6z@jugem.jp
3570114390501743,Leffler-Klein,738-237-4223,6 Hintze Point,ebalsom70@dyndns.org
3561940097047023,Daniel-Deckow,686-337-6952,833 Cambridge Alley,fgiannazzo71@cloudflare.com
5443380706536620,Bartell Group,390-453-1063,95 Johnson Terrace,cbuckland72@seattletimes.com
4917740219400996,Medhurst-Hoeger,172-470-6371,4 Algoma Court,rbrundall73@sciencedirect.com
30237865809075,"Bogisich, Muller and Mosciski",688-855-2971,83 New Castle Way,ktorel74@soundcloud.com
5018227869962363,Crona LLC,372-237-6093,5 Manley Terrace,dbordone75@dot.gov
3542878585376021,Hansen-Zieme,582-607-6443,03388 Pankratz Pass,apreist76@jugem.jp
3580139324345493,Rowe-Berge,119-373-8595,7162 Birchwood Plaza,fcapper77@businessweek.com
3558912493681916,"Ondricka, Schulist and Bosco",516-488-1547,20 Coolidge Court,fpitman78@livejournal.com
4026585773259520,"Rice, Reichel and Torphy",768-457-4944,41244 Esker Junction,lpinnington79@163.com
4041376805051924,Erdman Group,194-252-3842,784 Acker Pass,edulake7a@yolasite.com
3550310859066517,Pfannerstill-Swaniawski,164-846-4824,3 Susan Crossing,mbarday7b@sitemeter.com
3559255459506001,Borer LLC,815-765-1777,0 Pennsylvania Street,iberling7c@hubpages.com
5002351931342376,Barrows Inc,850-441-6459,84808 Hauk Terrace,cjedras7d@eventbrite.com
3546760334905068,Ullrich-Nikolaus,723-222-8160,6 Forest Run Alley,inorris7e@shop-pro.jp
3528928276627444,Heaney-Marquardt,744-824-4681,07 Mcbride Crossing,ilongford7f@independent.co.uk
3567294735580605,Collier Group,180-356-5592,09411 New Castle Way,ledis7g@mozilla.org
374622040393679,Jakubowski-Predovic,285-124-9650,2904 Johnson Pass,tpetrulis7h@disqus.com
4913976758916000,"Gibson, Mraz and Kshlerin",268-929-3192,9888 Parkside Point,rpoleykett7i@walmart.com
4175001603059253,Murray and Sons,892-686-0643,28 Twin Pines Plaza,kmarunchak7j@stanford.edu
3565327098125196,Medhurst Group,669-995-8663,96 Forest Lane,dkuschke7k@miitbeian.gov.cn
5018363908328801,Kuhlman Group,157-927-0438,980 Heath Street,mlowless7l@salon.com
5020500266043047641,"Stracke, Bailey and Koss",643-719-4530,134 Red Cloud Street,cweiner7m@slashdot.org
3557505088965792,O'Hara LLC,890-482-3251,3 Scofield Way,mmcauslene7n@hp.com
67621966540972999,"Abernathy, Nolan and Lockman",943-416-8344,1 Ryan Hill,ltowhey7o@netscape.com
633408464036656324,"Harris, Brown and Nikolaus",877-392-9944,04 Barby Pass,vwurz7p@eepurl.com
3574897484399935,"Okuneva, Kub and Reilly",141-393-6842,8 Mockingbird Drive,astanistrete7q@is.gd
201991556958624,Bins LLC,347-112-7487,8236 Evergreen Street,cbesantie7r@ox.ac.uk
3541512406437263,Treutel and Sons,453-303-8891,950 8th Center,lartz7s@bizjournals.com
5038647958335427,"Hintz, Corwin and Dach",298-917-2688,00966 Farmco Way,fdecort7t@dailymotion.com
3533953898440532,Carter Inc,671-468-9848,369 Packers Lane,fdelaney7u@princeton.edu
3583598638064297,Buckridge-Herzog,652-487-6883,2735 Clove Trail,dedgerly7v@disqus.com
3553741066710777,Mayer-Johns,241-211-0237,454 Alpine Parkway,merskinesandys7w@macromedia.com
6759144436865113,Mayert Group,621-325-8717,7096 Kinsman Park,cpagett7x@privacy.gov.au
3563695022307599,Kuphal-Hegmann,945-668-4553,53 Mockingbird Place,mchesley7y@miitbeian.gov.cn
3586946523874063,White-Lind,341-983-9802,7679 Prentice Road,sbendig7z@apple.com
4017956071161,"Schinner, Harvey and Dach",993-294-9032,294 1st Street,earlett80@sun.com
3561893791439154,Donnelly-Schiller,812-156-5451,931 Fordem Point,ofrosdick81@infoseek.co.jp
3576965324901026,Sauer-Jaskolski,472-818-6259,141 Moland Center,alindstedt82@nbcnews.com
5302849969284151,Beatty Inc,458-824-2029,76 Dennis Way,hfolkes83@blogs.com
30008616821184,"Ryan, Gerlach and Gislason",447-470-4365,3501 Hauk Hill,jenriques84@so-net.ne.jp
5108750937627842,"Lockman, Okuneva and Towne",743-643-6899,1238 Summit Crossing,kfolke85@dyndns.org
3541541531263633,Hegmann LLC,945-337-9940,9675 Fallview Plaza,mosgerby86@hhs.gov
50186366510439678,"Doyle, Hyatt and Ernser",665-120-8636,6504 Tony Parkway,gmulrenan87@who.int
3581672916561142,"King, Sauer and Wiza",346-440-7785,8571 Burrows Pass,wlauderdale88@discovery.com
5596948890302515,Harvey Group,332-942-5452,27919 Charing Cross Hill,sknapp89@edublogs.org
501835560586802333,Effertz LLC,353-835-5691,116 Spaight Court,ftybalt8a@tinyurl.com
348138670889293,Bogisich-McLaughlin,730-295-0459,1719 Bluestem Street,dleslie8b@github.io
6386045190132858,Williamson-Torp,477-631-4338,11 Fairview Point,glambertz8c@artisteer.com
676731777451256289,Hamill-Ziemann,861-442-4907,37 Calypso Crossing,kgillaspy8d@house.gov
67598119473691579,Heaney Group,869-990-9118,06786 Monica Place,cdaburn8e@sciencedaily.com
5409211772988316,"Dibbert, Lakin and Berge",106-960-4464,92177 Melrose Park,janfonsi8f@t-online.de
6763062658624778632,"Jacobi, Altenwerth and Murphy",248-161-5730,6 Donald Circle,sarrow8g@oaic.gov.au
3535745120764574,"Quigley, Beer and Schoen",418-665-6306,19 Porter Lane,gsauvage8h@seesaa.net
6759362118861800,"Paucek, Considine and Schimmel",866-492-7922,68 Lakewood Crossing,gweedon8i@hugedomains.com
5010121383632792,Prohaska-Hackett,607-335-6238,89269 Nobel Circle,mshapera8j@bigcartel.com
5108759561698557,Collier-Boyle,568-975-5120,41797 Moland Hill,mhobden8k@hubpages.com
3531489479358019,"Smitham, Bradtke and Sawayn",423-340-2693,47168 Ryan Avenue,igadie8l@drupal.org
633483754115313369,Willms-Hilpert,871-682-9715,5856 Lotheville Road,smochan8m@imgur.com
67095073840840633,Morissette Inc,256-778-7146,62 Gina Junction,wroels8n@un.org
5602237531823408,Macejkovic LLC,407-948-9829,70 Hansons Parkway,cclotworthy8o@mediafire.com
3568816919978822,Mayert-Williamson,943-225-5552,46 Hazelcrest Trail,kgoadby8p@umn.edu
4175001094418034,Gleason-Rice,869-202-7826,59235 Manitowish Parkway,vkeeley8q@ucoz.ru
3555355740736435,"Fay, Kerluke and Goldner",306-499-0293,96063 Vermont Pass,gotteridge8r@de.vu
3584505668177849,Rodriguez-Russel,692-451-5795,4249 Arapahoe Street,kstillert8s@webeden.co.uk
3585664712275593,Nicolas-Bauch,114-518-5354,6 Stuart Avenue,woconnell8t@blogger.com
4017952330025,McDermott and Sons,264-409-3197,58 Independence Terrace,jradmore8u@narod.ru
3537627042640520,"Lebsack, Hansen and Powlowski",225-589-4683,491 Badeau Place,proseblade8v@purevolume.com
5294170355492344,"Feeney, Littel and Ebert",909-758-3162,7 Service Junction,ebabbs8w@mtv.com
374622863741863,Kohler and Sons,553-374-9143,3684 Katie Plaza,npleasants8x@cnbc.com
4041370392078,"Veum, Jast and Willms",710-578-3407,01605 Sundown Plaza,yyielding8y@goodreads.com
30588604628733,Ratke-Fay,335-925-0474,6 Banding Terrace,kparell8z@hhs.gov
201854940766097,Collier-Corkery,610-488-5002,46300 Dawn Point,hthackray90@loc.gov
3550269611274043,"Fahey, Terry and Swaniawski",539-272-9645,651 Jana Way,ekennelly91@ucsd.edu
3578160851991263,Satterfield Inc,850-596-3800,8 Cody Hill,eganiclef92@loc.gov
6381857726253619,Block and Sons,850-929-1316,16 Twin Pines Center,msemple93@amazon.co.uk
633412038018684415,"Romaguera, Gutmann and Lowe",635-162-8816,68407 Muir Avenue,jenevold94@instagram.com
3575085987678869,"Roberts, Jacobson and Volkman",999-638-0226,7772 Melvin Center,woloshin95@upenn.edu
5893482931278286,"Schuster, Bogisich and Wintheiser",834-805-1581,575 Florence Trail,mlatch96@youtube.com
201641370660787,Will-Harvey,608-519-5404,33317 Fairview Pass,swallsworth97@webeden.co.uk
374283129094033,"Lueilwitz, Kris and Bauch",548-848-5318,7044 Sauthoff Trail,sstidworthy98@feedburner.com
3567786555907115,"Ferry, Ratke and Willms",468-403-7525,938 Little Fleur Park,cbutt99@rediff.com
3563173387215229,Spencer-Lang,247-564-0780,72 Anderson Center,ttustin9a@dot.gov
3536570320250912,"Weimann, Heaney and Daniel",396-279-3985,59 Grim Junction,rfennelow9b@whitehouse.gov
3564964488404335,Gusikowski and Sons,487-705-0361,0 Fieldstone Pass,kfussen9c@discuz.net
5048375941645276,"Morar, Von and Predovic",359-133-1694,5 Weeping Birch Alley,jdeverille9d@weather.com
6333063928146854,Bauch LLC,460-913-9929,56 Summer Ridge Court,irontree9e@latimes.com
201881120366687,"Prosacco, Hermiston and O'Hara",690-511-9322,6 Kropf Center,cvicary9f@omniture.com
201466290597194,"Deckow, Bogan and Schaefer",507-409-3990,3136 Brentwood Road,lgrinov9g@i2i.jp
3571264347903200,"Nienow, Schuppe and King",302-535-4683,2 Huxley Terrace,hreignould9h@gravatar.com
3585404178106499,Thompson and Sons,162-330-4071,25 Hudson Drive,kgooms9i@sfgate.com
6709294434381067,Marquardt and Sons,621-936-7571,50953 Warrior Lane,mkilian9j@boston.com
3546658872000906,"Eichmann, Corkery and Kreiger",138-706-2059,157 Thompson Avenue,zthornbarrow9k@seesaa.net
5610823654236369,Mohr-Heaney,494-237-2114,53332 Swallow Point,nannett9l@usatoday.com
36406717213331,"Monahan, Halvorson and Crist",241-999-3307,01 Sommers Drive,umattei9m@alexa.com
5602214800263608,Jast LLC,439-216-6179,161 Gateway Way,jyarrow9n@kickstarter.com
5552858168093344,Cummings and Sons,403-590-1939,2 Shasta Junction,ryanshonok9o@phpbb.com
3550535368642149,"Becker, Goodwin and Smitham",175-322-6126,02 Saint Paul Point,amuspratt9p@arizona.edu
3529225404329855,Ullrich-Lakin,573-167-0652,3793 Dexter Pass,risoldi9q@phpbb.com
3545899264306094,Barrows Inc,120-893-6999,12 Victoria Hill,nferrarello9r@upenn.edu
3546548792270376,Effertz Group,496-976-6801,2 Burning Wood Plaza,ckimblin9s@feedburner.com
3558040165650132,Hahn-Larkin,764-914-4496,56 Bay Plaza,aroizin9t@spiegel.de
372301999787254,Rosenbaum Group,540-209-8880,911 Pine View Hill,ofurzey9u@cam.ac.uk
3534947935093592,"Beatty, Hickle and Bahringer",515-687-6102,1349 Vahlen Junction,cemmert9v@latimes.com
5893668470596639,"Yost, Upton and Erdman",304-229-6943,92488 Atwood Circle,jsapseed9w@elpais.com
5893698678503566,Parisian-Barrows,807-366-8728,8 Lighthouse Bay Point,lgoncalo9x@xrea.com
3580770529168411,Keebler and Sons,890-638-8677,47 Melody Drive,ctomashov9y@samsung.com
5602215224986377,"Jacobs, Lakin and Mante",588-328-7256,99597 Express Street,bswanwick9z@google.de
3587006733005161,Moen Inc,731-290-0111,7 Dahle Trail,dspottiswoodea0@artisteer.com
3580178444726893,"Wilderman, Denesik and Goyette",564-406-7928,1 Delladonna Terrace,rarmera1@issuu.com
201654409199727,Kling-Rath,973-625-9938,32274 Mcbride Point,gmaysora2@nps.gov
6331104276024739967,Schamberger-DuBuque,672-998-2268,281 Arkansas Plaza,sresdalea3@eepurl.com
630469088038680099,McKenzie Group,628-563-1752,96906 Atwood Point,bbromfielda4@ed.gov
6709912732511776,Sipes-Breitenberg,912-719-9745,71 Forest Dale Center,vcoultharta5@cbsnews.com
676720820508361000,Hilpert-Grady,209-404-4542,27964 Northridge Crossing,gjouhana6@de.vu
201446153962453,"Kreiger, Casper and Rau",494-948-0250,9192 Pennsylvania Road,byerletta7@shareasale.com
3589596119680338,"Buckridge, Nolan and Gorczany",599-237-1759,7182 East Parkway,ngoldupa8@npr.org
5610305514674674,O'Keefe and Sons,450-789-0199,08008 Ramsey Terrace,dhuzzeya9@xinhuanet.com
490514195299396002,Reilly Group,990-707-4678,927 Derek Plaza,seustaceaa@springer.com
5602226345246724,Volkman-Oberbrunner,674-656-6378,57 Steensland Crossing,fricharsonab@mlb.com
201513327555982,"Kutch, McKenzie and Marquardt",871-432-9220,480 Lerdahl Crossing,blyndeac@miitbeian.gov.cn
4905396860144483174,Cronin-Gleason,833-907-1727,1114 Ilene Pass,edibleyad@biblegateway.com
4405242668174049,"Ward, Willms and Waters",799-485-3117,4 Crownhardt Street,miacobassiae@scientificamerican.com
6706129164561408796,Collier-Crooks,266-192-8819,18 Di Loreto Park,gpeersaf@technorati.com
3558787055202115,Schuppe-Dare,638-160-9221,0681 Everett Pass,zbeavorsag@stanford.edu
5602252014665358,"Barrows, Little and Schiller",723-529-3315,98 Fulton Circle,lgrangeah@tumblr.com
5199716522432781,Heathcote LLC,325-744-6260,83378 Park Meadow Center,cpietrusiakai@bbc.co.uk
4936243098402804613,Romaguera LLC,214-916-7836,3 Wayridge Lane,gesseraj@sbwire.com
3544560393504097,"Donnelly, Barton and Rath",681-847-7557,135 Riverside Center,pbockmannak@walmart.com
5248917239959899,Tillman LLC,605-131-6961,5 Northridge Street,amaddersal@networksolutions.com
4508949112831430,D'Amore Inc,598-873-4630,4 Dapin Parkway,mmannersam@theguardian.com
3544910528035253,Dare Group,661-245-5610,0058 Hanover Road,lsangraan@cornell.edu
6709666915516417601,Turner LLC,889-813-9279,5 Claremont Trail,bguyverao@soundcloud.com
3544820961912282,Rohan-Sawayn,727-994-6205,08976 Fair Oaks Street,kmilaap@wired.com
3552956576526932,Baumbach LLC,647-863-5974,734 Sachs Center,tdelosaq@reddit.com
30395489375152,Ankunding-Harber,459-876-5114,29 Fremont Plaza,aduleyar@goodreads.com
4911144123470316283,Braun-Rippin,293-361-4819,96551 Eliot Terrace,ppaddieas@whitehouse.gov
374288361695751,"O'Hara, Grady and Steuber",812-627-2651,694 Alpine Pass,dlinhamat@springer.com
337941265238336,Ziemann Inc,689-950-0910,97 Oakridge Center,rsenecautau@dailymail.co.uk
4017955269398812,Doyle-Gaylord,891-420-4106,51 Mcguire Road,wkingabyav@booking.com
5100130141222482,"Walker, Nicolas and Moen",558-977-5509,6666 Garrison Pass,jsalmoniaw@creativecommons.org
633434756385292025,Dibbert-Jakubowski,597-533-5646,3750 Monument Lane,lhyndax@lycos.com
201781065608194,Stokes LLC,777-277-1756,0 Vidon Terrace,rtrebilcockay@pagesperso-orange.fr
6388768069600345,Crona-Mosciski,615-206-0829,3 Monterey Point,ininottiaz@wired.com
676328190730858785,Purdy-Johnston,469-238-0659,0 Transport Circle,cvintonb0@cnbc.com
3568668696789512,Powlowski-Erdman,382-393-3801,4 Thompson Alley,bsawbridgeb1@rediff.com
5602242432085768,Denesik LLC,905-517-2385,7503 Village Green Plaza,jgilgrystb2@dailymail.co.uk
5602228057033035,Steuber-Zieme,397-133-8047,1 Hanson Road,mzupab3@wikipedia.org
374283376550406,Armstrong-O'Connell,368-499-5275,053 Hallows Park,jhimpsonb4@si.edu
4911519708326528235,Pagac LLC,854-479-4616,674 Sunbrook Hill,zcocklingb5@cnbc.com
3577557206117380,Littel-Parker,308-451-0110,245 Corben Terrace,thoysb6@ed.gov
6767685836462323,Bernhard Group,924-213-9048,04 Transport Place,bduffieldb7@quantcast.com
201942962724860,Monahan-Rodriguez,794-449-4563,26736 Scott Junction,phowsanb8@wiley.com
6371340479898593,"Dibbert, Lebsack and Brown",834-191-1283,5 Anzinger Street,mcholoninb9@sphinn.com
3552491828910825,"Aufderhar, Kerluke and Cummings",197-369-6293,59641 Nevada Center,lsongestba@bandcamp.com
3571751174503186,Hermiston-Larkin,786-461-4715,3636 Carey Point,cgubbinbb@tiny.cc
5893049961533565,Hammes LLC,613-747-7030,471 Toban Point,cbarrassbc@jigsy.com
3545415369509878,Zulauf LLC,724-759-5188,6 Michigan Place,isnaithbd@sourceforge.net
633425454177567652,Tillman-Ebert,197-777-5469,9298 Hoard Crossing,fmacmechanbe@yahoo.co.jp
5010121861462274,Swaniawski Group,967-946-3307,313 American Street,msicklingbf@tamu.edu
6398185490041494,Glover and Sons,243-351-0994,5514 Graceland Court,vbenbg@dedecms.com
3586579220424328,"Wiza, Boyle and Nader",483-953-3754,9613 Dennis Road,pseawrightbh@opera.com
3555705131955723,Herman and Sons,103-633-4370,2697 Dakota Alley,amarrowbi@sphinn.com
4405041342557615,Farrell and Sons,511-973-6762,64 Sloan Point,ccoughanbj@smugmug.com
374283156967614,Murphy-Leannon,713-450-2166,383 Kensington Pass,gberesfordbk@slate.com
3561393054080514,"Quitzon, Treutel and Goodwin",186-269-3192,8 Continental Circle,cfonzobl@ftc.gov
3583685716008294,Champlin LLC,646-115-9853,2147 Kipling Park,splayhillbm@house.gov
4041379202192804,Kohler Group,266-696-8023,1 Mandrake Park,kgregoracebn@photobucket.com
4175003117116991,Moen LLC,612-617-9255,84 American Ash Court,akerranebo@skype.com
5323097030637461,Cormier-Bayer,539-807-4553,92310 Forest Alley,mbarnacloughbp@shutterfly.com
3529266167835571,Zemlak-Goldner,394-538-2262,45025 Londonderry Junction,dfolkerdbq@imageshack.us
676347519841381815,Considine-Moore,281-475-0526,26 Colorado Place,azavattierobr@globo.com
3558672420391241,"Reichel, Walsh and Miller",504-827-7946,7457 Warner Alley,kleveragebs@xinhuanet.com
3562682240291426,Herzog-Huel,189-638-3565,8308 Golf View Circle,hkopmanbt@telegraph.co.uk
3560954873522670,Schultz-Ortiz,872-378-5529,60757 Bunting Pass,estanyardbu@dyndns.org
6709416892708914203,Miller-Runolfsson,497-525-3654,2 East Court,dpadghambv@sphinn.com
201984182450561,Altenwerth Group,994-546-7039,829 Iowa Parkway,wfollisbw@people.com.cn
4824513550219,Cartwright-Wintheiser,709-485-2974,4999 Linden Hill,blortzingbx@technorati.com
3532060736683876,"Hegmann, Kihn and Yost",878-729-9419,76 Clyde Gallagher Point,jjozsaby@ox.ac.uk
56022489904715654,"Leuschke, Frami and O'Connell",185-266-6909,24909 Forest Run Avenue,msellorsbz@mac.com
3579893105054921,MacGyver-O'Connell,201-566-7475,1 Manitowish Lane,jcaulierc0@uol.com.br
5100137251056824,Green Inc,817-934-1442,6 Russell Street,awhitecrossc1@aboutads.info
3538027059614964,"Denesik, Paucek and Bartoletti",835-223-9872,69060 Hanover Lane,rhardiec2@amazon.com
3571420332429391,"Bednar, Kuhn and Romaguera",328-829-9097,92446 Waubesa Drive,tbroadberec3@booking.com
30375257374397,Emmerich-Weimann,960-775-6418,3 Carberry Drive,tgierardic4@sciencedaily.com
560222310710799683,Volkman-Grady,854-395-6879,1 Fisk Parkway,rbaudouxc5@quantcast.com
56022326870380164,O'Reilly Group,986-217-4960,10433 Sundown Junction,kdabnotc6@ameblo.jp
4905242803028212,"Ullrich, Kertzmann and Ryan",415-233-3275,8383 Dennis Avenue,ecorbettc7@jigsy.com
3559003289142666,Lakin-DuBuque,802-363-8976,4 Truax Lane,mdunstonc8@geocities.com
3583237669315001,Cormier-Toy,243-374-1760,4 Pankratz Pass,jpigdonc9@senate.gov
3570686862287950,O'Kon Group,334-490-5452,62957 Becker Crossing,kkovacsca@behance.net
3584333773254316,Bogan LLC,897-453-2855,573 Thierer Hill,dtottmancb@tamu.edu
5602221481440751,Grady-Huels,203-600-1641,73535 Sunfield Park,ebuxamcc@altervista.org
3546133648634495,Hammes-Lind,917-960-5211,62299 School Court,vanandcd@i2i.jp
3529806204023218,"Botsford, Ziemann and Gaylord",501-519-7682,6 Vahlen Park,cpiperce@google.pl
201718148190543,"Johnston, Bartell and Lowe",876-336-9399,1952 Columbus Lane,mdeverillecf@furl.net
5100175815028848,Hoeger-Larson,861-725-5080,046 Hovde Street,fhakonssoncg@nasa.gov
6767617586210815255,Halvorson LLC,618-894-9370,66919 Dawn Court,efairbracech@npr.org
3568272353147666,"Hackett, Quitzon and Schultz",418-800-4697,09 Rowland Park,flydonci@fastcompany.com
5602229597569942,Greenfelder LLC,787-989-5776,3013 Cordelia Center,clintillcj@amazonaws.com
3532656627526650,Gleichner and Sons,886-636-8606,93992 Evergreen Parkway,sderobertck@chron.com
5100147774743246,Mraz-Lind,591-901-1045,53490 Acker Park,hrylandscl@geocities.jp
5100140110883982,Koss-Hackett,354-112-4049,62 David Street,kbowncm@so-net.ne.jp
30208478703682,Feeney Group,715-454-0976,49496 Crescent Oaks Road,mridgewellcn@hc360.com
6375069084030575,Corkery-Smitham,644-644-8800,0403 Dayton Circle,rlichfieldco@bandcamp.com
4026592248067108,"Roob, Hilpert and Satterfield",807-648-9289,501 Union Plaza,kfidoecp@google.ca
3575743638799167,Kunde and Sons,719-664-4580,7 Raven Road,ylascellescq@constantcontact.com
4911972383676815283,Metz Inc,846-444-5173,73 Carioca Pass,mmckevanycr@yahoo.co.jp
201934749099047,Schiller-Christiansen,199-983-4129,94 Washington Plaza,tworswickcs@cnet.com
3539680090340533,"Anderson, Hermann and Champlin",927-240-1304,68757 Armistice Avenue,fsurrct@mapy.cz
676172845564723960,Purdy Group,697-803-5366,25511 Drewry Circle,klinklatercu@tripadvisor.com
4913118292520846,"Will, Kling and Kulas",864-176-3155,56 Florence Hill,ematthewcv@nhs.uk
67635584014341296,"Pacocha, Mitchell and Zemlak",380-843-4093,0179 Lindbergh Avenue,yvernazzacw@java.com
5602242608280403557,"Abernathy, Beahan and O'Keefe",973-503-2985,0 Tennessee Hill,tlislecx@sohu.com
5007666866020969,"Haley, Cole and Watsica",133-655-3632,6334 Farwell Plaza,tgladdency@opensource.org
30576264753891,"Eichmann, Quitzon and Zemlak",189-926-9483,21246 Messerschmidt Pass,clighternesscz@usa.gov
3563040444373194,Kris LLC,614-855-0368,484 Almo Court,hschuttd0@loc.gov
3570431992237744,Schmitt-Tromp,328-817-5922,9152 Dunning Alley,emildnerd1@sciencedaily.com
5303993015631319,Kiehn-Zulauf,979-389-0788,5822 Scofield Alley,lnormanelld2@marketwatch.com
5586187362685733,Johns-Kunde,403-584-7813,908 Granby Hill,kohowbaned3@answers.com
5602217163028922261,Hayes-Ruecker,152-935-3009,31513 Dunning Street,cilsleyd4@cyberchimps.com
6762693036526778670,"Brakus, Gerlach and Kirlin",589-984-9475,04 Gina Crossing,fmaxworthyd5@techcrunch.com
3588732143036863,Nolan Group,733-629-4064,510 Graceland Lane,respasad6@edublogs.org
4903112318391284330,Jerde-Schmidt,957-689-3479,0755 Rockefeller Court,dharrymand7@opensource.org
3581580242451799,"Rice, Funk and Maggio",616-924-8154,204 Corscot Court,pgaukrodged8@xrea.com
374283250218229,Kuhn LLC,829-551-2974,83 Huxley Junction,tmuttockd9@github.com
201652583316869,Rau-Padberg,753-633-6194,7895 Judy Street,kseneschalda@bloomberg.com
6767897879078412989,Olson-Cremin,470-567-2856,1679 Delaware Alley,kbrasenerdb@irs.gov
670934412195905573,Kunde and Sons,666-558-3673,27576 Schmedeman Parkway,mornillosdc@samsung.com
5610273126886898,"Hoeger, Schroeder and Bode",424-854-8901,473 Hazelcrest Place,jyurivtsevdd@cbc.ca
3545859717666601,Gorczany-Mosciski,399-705-9315,3 Sutherland Way,gphilippede@smh.com.au
3578699719532298,Mertz-Boehm,895-195-0652,99629 Michigan Terrace,tdevanneydf@weather.com
3562145625286387,"Mueller, McKenzie and Kirlin",342-330-5619,4 Blaine Pass,mrunciedg@sakura.ne.jp
3531018380424535,Bosco-Leffler,463-363-2542,47029 Sage Point,cpountaindh@mapy.cz
4917267896077756,"Rodriguez, Franecki and Schneider",616-320-4553,3 Eliot Parkway,aprucknerdi@springer.com
560224237303772231,"Cruickshank, Nienow and Cronin",555-378-8266,96374 Red Cloud Lane,retterydj@ca.gov
5602245928487117,"Ortiz, Littel and Sauer",621-422-2687,01941 Bashford Circle,ddelythdk@dot.gov
4175005009501586,"Mueller, Nolan and Hoppe",873-195-9284,00030 Summer Ridge Terrace,pfahydl@ask.com
3544886416163581,Weissnat and Sons,414-989-2692,76967 Fordem Terrace,hmacanedm@over-blog.com
3537849964107961,"Windler, Dickinson and Lindgren",128-899-7704,44253 Dennis Hill,athorpedn@about.me
676779361891194161,Balistreri Group,571-428-4139,1 Arrowood Point,mroslendo@marketwatch.com
5301870974460785,Schinner LLC,182-162-1212,80773 Sommers Circle,nkollachdp@list-manage.com
6375376298629187,Von-Haag,470-905-3045,37253 Kropf Circle,lpennicarddq@myspace.com
6333918127344025136,Homenick Inc,270-953-5750,92 Welch Street,mferreresdr@a8.net
3584628290395850,Homenick-Cruickshank,615-702-0696,47 Florence Point,ggiands@hexun.com
201920780320053,Fadel Group,152-117-7482,6 Del Mar Place,edibiaggidt@princeton.edu
561080340945820425,Kohler LLC,847-749-3415,826 Debra Center,cardernedu@foxnews.com
201845284099038,Kreiger-Anderson,763-427-2584,97 Scott Way,aripondv@usnews.com
5010127332720471,"Hyatt, Quigley and Morissette",170-557-4228,57793 Reinke Hill,hlaffoleylanedw@hibu.com
5010124813116196,Hauck LLC,724-244-4376,15 Schmedeman Road,rbrotherheaddx@google.co.uk
3585341474443269,"Stoltenberg, Dibbert and DuBuque",572-563-4933,85010 Kensington Point,hgrantdy@msu.edu
30091086627257,Will-Muller,105-908-6292,95 Kinsman Park,nspeardz@fotki.com
337941086755500,Grady Group,206-621-9205,085 David Circle,lbartoszinskie0@yellowpages.com
3588751105699005,Willms Inc,722-910-8345,5019 Rigney Pass,mhugine1@cam.ac.uk
4844817307044668,Cartwright-Zemlak,240-687-8926,646 Grover Plaza,sdeangeloe2@stumbleupon.com
4041378593610,"Kreiger, Senger and Terry",272-548-4547,7 Redwing Plaza,ddoee3@examiner.com
50188147159698800,Batz-Mante,972-889-7338,34135 Debs Way,vrushmane4@artisteer.com
30499236567275,Hackett Group,748-125-0217,9 Spohn Court,jurrye5@g.co
4508650330901019,"Feeney, Hodkiewicz and Renner",279-980-8732,85727 Hintze Hill,ghuygense6@drupal.org
5048371414447027,Keeling-Abbott,869-410-7030,64685 Redwing Hill,mlayuse7@histats.com
633460900410084612,"Wehner, Hackett and Jerde",572-676-3765,6160 Morrow Parkway,ndewdenye8@mysql.com
5100136028720852,"Donnelly, Rath and Treutel",152-221-9105,818 Pawling Trail,mbordese9@amazon.co.uk
4017958586729677,Goodwin-Rowe,438-324-9838,6 Sundown Point,cnussgenea@163.com
67626310363715018,"Lind, Schroeder and Kuhlman",736-585-2126,0 Rowland Park,ewydeb@bluehost.com
3588427963837439,Hand-Vandervort,739-531-3039,22013 Sutherland Plaza,mhobleec@webmd.com
676374773875787035,Baumbach-Gerlach,452-924-6427,0 Waubesa Park,rhowgilled@oracle.com
3543073693841988,"Olson, Casper and Glover",876-934-0775,44010 Michigan Street,dklugeree@columbia.edu
5591279235150541,"Herzog, Donnelly and Gerlach",647-195-8962,4 Loftsgordon Way,bbeaef@amazon.de
50209126324875753,"Cassin, Kshlerin and Satterfield",367-520-7643,13794 Dryden Court,lhydeeg@about.me
501876344911780773,"Feeney, Ziemann and Lesch",892-972-9922,4733 Bay Road,lgrundoneh@networkadvertising.org
5610336229595052,"Predovic, D'Amore and Cassin",507-233-1515,25494 Northport Court,ndallyei@ftc.gov
3585301583899108,"Windler, Ondricka and Bashirian",400-878-5017,9774 Petterle Court,rarendtej@bloomberg.com
201631687340439,Dickinson LLC,412-194-6515,44 Norway Maple Lane,droddamek@infoseek.co.jp
4844257223379932,Stark and Sons,391-474-7750,1118 Heath Lane,sdivisekel@cafepress.com
30111851643089,Corwin-Fisher,229-140-2353,1978 Bayside Circle,rlightfootem@java.com
3568375855209569,Torp Group,200-975-6737,52075 Talmadge Drive,tnewarteen@howstuffworks.com
6759430271805309194,"Zemlak, Johns and Hodkiewicz",580-892-3289,96 Miller Circle,lviccaryeo@forbes.com
5483915885054654,Bradtke Inc,780-353-3352,3 Center Circle,fblaisdellep@godaddy.com
6759610672735285,"Smith, Littel and Ward",606-549-7938,13616 Sloan Avenue,fmcdyereq@typepad.com
5602246256006578,"Kreiger, Hilpert and Effertz",910-811-5796,14 Nova Road,gturpiner@com.com
3565573207119931,Harvey LLC,721-389-8794,9858 Mendota Park,asivees@prnewswire.com
201620027552357,Wiza Inc,336-453-0636,77083 Hudson Lane,srossbrookeet@europa.eu
4913462435616180,"Labadie, Bednar and O'Reilly",299-365-0495,89706 Elmside Way,jpysereu@jiathis.com
3530393010026179,Conroy Group,987-255-9735,18 Welch Street,owickesev@accuweather.com
3568828000437766,Wiza Group,361-401-3304,7 Morning Way,sbulteelew@who.int
6331103634586712,"Kohler, Cartwright and Ward",405-620-0356,22 Westridge Alley,twinwoodex@spotify.com
3541573751731304,Hilll-Doyle,553-244-0587,7 Harbort Street,atuiteey@salon.com
5602245790261475,Huels Inc,190-736-8972,6 Darwin Lane,tjerransez@wikimedia.org
56022495859115691,Goldner and Sons,854-726-5626,62 Anniversary Alley,mespinasf0@live.com
3532290159249869,Hegmann-Stehr,860-628-0451,8043 Dottie Circle,mrenacf1@wordpress.org
3532431547035798,Gaylord Group,427-254-7085,515 Loomis Junction,loffnerf2@tiny.cc
5020043421139113005,Gaylord-Corwin,579-558-0383,83380 Anderson Terrace,hspraggef3@skype.com
3553656976665053,Stiedemann-Doyle,600-470-0317,829 Lawn Park,mmuspratf4@sina.com.cn
30389327293503,Cummings LLC,393-478-1924,5 Hayes Parkway,ymansourf5@rediff.com
3553588415458834,Lemke-Rosenbaum,179-130-9125,29 Maywood Parkway,svandrillf6@domainmarket.com
3551882869714517,"Dibbert, Fisher and Jones",488-615-1649,5 Arkansas Pass,cmerillf7@geocities.com
4405675518663473,Altenwerth-Rowe,843-627-0964,1 Northridge Point,zdikesf8@g.co
5038780070601937,"Kuhic, Heathcote and Ondricka",963-359-6107,024 Fairview Center,egodspedef9@drupal.org
4017954044277,Gibson-Brekke,315-376-6552,21 Roxbury Pass,dconibearfa@usda.gov
4017954435939,"Denesik, Schaefer and Stokes",132-449-4949,26633 Fremont Avenue,acarlessofb@last.fm
3537053429283430,Franecki-Rice,462-963-8565,17 Rigney Way,mharmfc@moonfruit.com
3529435192697245,Rohan-Berge,608-954-6119,2 Oriole Plaza,omurkinfd@quantcast.com
3584827267196354,Sanford-Heathcote,688-219-9682,7 Anzinger Drive,cphelpfe@hibu.com
564182980605441532,Wiegand Inc,298-120-3022,5825 Hazelcrest Terrace,vdoughillff@purevolume.com
201596878333875,Yundt and Sons,586-827-5030,925 Upham Lane,rparkmanfg@amazonaws.com
6376598961634595,"Lehner, Skiles and Grimes",793-745-5035,8 Coleman Road,lhuggardfh@cbc.ca
3553266289151765,Langworth LLC,989-733-3169,99602 Monument Court,sperezfi@unesco.org
4059547266520,Prosacco Inc,143-347-2640,4 Butternut Junction,gsnelfj@icq.com
5602251954937561,Will-Torp,684-674-7502,58974 Commercial Park,ssiblyfk@uol.com.br
503860400593945649,"Ullrich, Collier and Ryan",607-352-0790,68 Hauk Alley,asellackfl@constantcontact.com
30372974827310,"Bode, Terry and Willms",418-560-6721,801 Golden Leaf Drive,mcashinfm@google.nl
6759216479571212001,"Kling, Dibbert and Cummings",122-705-5169,3575 Caliangt Center,bdewittfn@cloudflare.com
3555301746060263,Ruecker Group,130-354-6332,6 Hazelcrest Terrace,scacaciefo@seattletimes.com
6391119312831862,"Mertz, Lind and Lynch",417-526-0679,443 Express Street,bthirwellfp@wufoo.com
3578148213887345,Jacobi LLC,212-497-5283,7 Monica Hill,cinglesfieldfq@wisc.edu
30348602699909,Kihn-Ruecker,152-294-9976,4246 Fallview Alley,bwynterfr@economist.com
3570190398986466,Becker Inc,196-549-7452,34 Jana Plaza,jjindracekfs@soup.io
3561942015093311,Wintheiser Inc,278-630-6858,37 Main Court,wcrosonft@biglobe.ne.jp
5163850832240592,Eichmann-Shanahan,205-347-3975,0490 Granby Avenue,kkenenfu@hao123.com
3563756589646975,Reilly-Witting,413-790-6445,13 Golf View Center,bberthelfv@360.cn
3544502823212370,Kub-Halvorson,225-103-3077,8432 Aberg Place,sdobererfw@uol.com.br
3574624818568617,Wehner Group,293-784-6641,8239 Shelley Court,kmitchinerfx@sitemeter.com
6767769644709925,"Armstrong, Rogahn and Grady",848-117-3111,6960 Lerdahl Trail,vobyfy@mit.edu
3539019531440711,Buckridge-Thiel,663-506-8996,125 Eagan Place,kmitchinerfz@ucoz.com
4175003637015921,Dach-Erdman,201-319-2351,9 Welch Plaza,rovidg0@wisc.edu
5349739219821164,"Morar, Sporer and Connelly",590-308-6666,84 Ohio Street,mworshallg1@tumblr.com
3556942373770192,"Hermann, Gibson and Funk",196-387-1143,3 Kennedy Trail,hdmitrievg2@indiegogo.com
3567047838782720,Turcotte Group,832-631-4609,1 Hollow Ridge Alley,bhelling3@multiply.com
4844164143723688,Grimes Group,403-505-2779,1 Beilfuss Parkway,agilvearg4@sourceforge.net
67717698655496408,"Watsica, Mann and Welch",566-709-3548,017 Welch Place,btanguyg5@qq.com
3534143405212116,"Beahan, Smitham and Hermiston",475-967-6194,252 Mockingbird Drive,ghugoning6@g.co
6304761284188454127,Jast Inc,799-196-0614,2126 Stone Corner Hill,dhuckeg7@loc.gov
3559272622406043,Will and Sons,636-472-7377,9 Heath Street,dlabong8@delicious.com
6709730283813064,Tremblay Group,557-131-0274,535 Petterle Street,hoxberryg9@cbsnews.com
5010123557195929,Wilderman and Sons,814-856-9163,5 Reinke Avenue,mwhitecrossga@oakley.com
4936990045192220463,Moen LLC,463-379-6042,20275 Mariners Cove Court,tspavongb@reddit.com
3560098176255719,Johnston Inc,741-166-5492,31100 Pankratz Trail,ebordissgc@goo.gl
4844336801837030,Balistreri-Runolfsson,747-476-5731,64579 Killdeer Court,mduffettgd@smh.com.au
201538550100511,Osinski-Mraz,680-792-4750,01867 Southridge Drive,kbetjege@cnn.com
5108752470170099,Collins LLC,235-561-6194,96 Pepper Wood Street,drayltongf@sciencedirect.com
5018799730927171,"Botsford, Wilkinson and Bergnaum",358-620-8507,44 Evergreen Place,goverstreetgg@oakley.com
5602247698645924,Lang Group,517-807-5471,9 Meadow Valley Parkway,hjenkinggh@google.co.uk
372301560881163,Bernhard-Hermiston,930-941-6658,587 Hanover Road,jwarcupgi@g.co
50383255353170378,Gaylord-Daniel,602-613-9179,3 Hoffman Pass,nbeckwithgj@wunderground.com
3540996729895599,Dach-Huels,423-293-3228,9120 Crownhardt Center,fjobsongk@godaddy.com
4017951112055139,Wisozk-Schoen,224-788-7962,3 Hollow Ridge Alley,tdewaregl@youtu.be
3548733593307191,"Schoen, Berge and Rowe",240-174-1513,34 Holmberg Way,dorkneygm@discuz.net
3567340498135952,"Herzog, Ebert and Schuppe",360-146-9672,17 Bultman Parkway,rsigarsgn@edublogs.org
676133909431231140,"Swaniawski, Kohler and Keebler",909-390-5812,52131 Fremont Drive,lpostlethwaitego@omniture.com
3568836814701764,"Jacobs, Schmidt and Ledner",804-979-8200,03140 Eliot Avenue,hnibloegp@va.gov
5432451596177602,Bergstrom LLC,325-299-6844,49535 Grasskamp Crossing,nrawlinggq@com.com
6389679073171000,Jacobs-Mante,539-487-8133,58 West Alley,kruffgr@sakura.ne.jp
372301611953854,"Schaden, Leuschke and Gusikowski",523-782-0445,70983 Utah Park,oklampgs@springer.com
6393342039240401,Nienow-Aufderhar,671-614-7475,689 Algoma Trail,bhefnergt@washingtonpost.com
5100139025979794,"Heathcote, Stehr and Huel",929-383-6784,09 Service Plaza,lkinsellgu@cpanel.net
3571930475208196,"Paucek, Turcotte and Bartell",242-652-3293,9593 Spaight Terrace,irowberrygv@paypal.com
5469094385401282,"Mills, Parisian and Zboncak",443-812-9923,872 Forster Crossing,ecobbygw@barnesandnoble.com
3578178963834114,"Rogahn, Goyette and Stoltenberg",454-533-3289,987 Schmedeman Alley,wgurrygx@yahoo.com
4017951707124,Schowalter-Swaniawski,436-645-3274,8440 Spaight Place,fcasillasgy@google.nl
3586536238735442,Funk and Sons,201-166-8741,33 Tennessee Park,ggawthropgz@harvard.edu
3564701772354184,Swaniawski-Senger,777-929-1674,5212 Merrick Plaza,ctattersh0@ed.gov
6376815325249815,Spencer LLC,309-107-4313,1146 International Way,jtottonh1@histats.com
3555153130253081,"Anderson, O'Hara and Willms",227-983-1237,52756 Leroy Place,lsiviorh2@angelfire.com
5602218081468968,"Vandervort, Considine and Rowe",390-847-0353,21887 Schurz Parkway,bsurcombh3@ycombinator.com
493603409548781278,Mayert Group,413-789-7136,1840 Jana Plaza,mhizirh4@csmonitor.com
5048374501293320,"Feil, Romaguera and Cassin",877-554-5449,032 Westridge Way,abaulchh5@ebay.com
5152768529925916,"Bauch, Medhurst and Lind",112-991-2653,773 Carpenter Alley,bribyh6@lycos.com
3528096256079380,Welch-Schamberger,727-749-4215,553 Packers Plaza,tconboyh7@ucla.edu
3569527146971758,Mertz and Sons,779-797-7878,9 Arapahoe Center,rstanyardh8@pinterest.com
5002353176032530,Boehm and Sons,952-660-1173,34045 Drewry Lane,narneth9@oaic.gov.au
3562637894656654,Brekke-Little,128-481-2071,43 Lawn Center,druckledgeha@addtoany.com
3584393213036376,Schamberger-Grimes,495-339-8781,6 Londonderry Parkway,urubinovicihb@economist.com
5020116719781527,Durgan-Hodkiewicz,718-754-0177,024 Kropf Drive,dkellerhc@xing.com
3576222839021290,Ward-Gutkowski,973-329-3648,995 Bartelt Trail,cdoranthd@mail.ru
3535023393975073,Ward-Hilpert,846-605-8538,4 Hovde Parkway,kwinckworthhe@nydailynews.com
201910976171337,Jones LLC,633-871-3127,50 Fulton Alley,cmacilraithhf@netlog.com
3545147033499737,Okuneva-Kunze,947-172-1842,97 Tennyson Terrace,rtrevnahg@loc.gov
3530651546457451,"Nolan, Renner and Hyatt",494-842-8787,51 Sachs Way,dalleynehh@comsenz.com
4911305842758053806,"Schaden, Boyle and Barrows",752-337-1985,648 Moland Point,kbrickhamhi@oakley.com
3540247207207810,Kuvalis Group,439-382-9239,91 Novick Court,ageipelhj@berkeley.edu
3584402383297955,Predovic and Sons,771-367-4568,385 Vernon Court,mkildahlhk@intel.com
30563447100927,"Jenkins, Mohr and Wilkinson",586-969-4382,102 Hauk Pass,jkrysztowczykhl@skype.com
3546395911009396,Ward-Emmerich,776-132-5478,65 Fisk Road,afoddenhm@cdc.gov
3569261021891846,Larson-Crooks,778-457-9246,6 Ridgeview Pass,vhearthfieldhn@bigcartel.com
4026009061029909,Kreiger-Dare,964-981-0823,211 Center Alley,yfollisho@google.fr
3588394976443664,Schuppe Group,830-940-0047,6477 Bartillon Crossing,nmeachenhp@princeton.edu
30058794952301,Bernier-Yost,454-631-2643,39166 Fisk Crossing,cmorithq@indiegogo.com
4905568900208328162,Labadie-Treutel,797-331-6088,1 Eliot Court,ostrachanhr@ycombinator.com
3588746844595480,Rogahn-Russel,537-767-0778,5 6th Circle,tmacgahyhs@digg.com
0604860452701474,Nitzsche Inc,167-402-3578,40 Westend Hill,ewolseyht@netscape.com
06044054593543004,Mayert-Spencer,761-588-2390,81344 Larry Parkway,ygaynehu@prnewswire.com
374283664332566,Thompson Inc,294-284-0413,63 Surrey Drive,rcowinshv@bigcartel.com
4026027937902372,Larkin-Corwin,211-229-6633,02827 Talmadge Point,kfreathyhw@prlog.org
3566381925276200,"Collins, Bayer and Kirlin",945-269-2210,32 Fremont Terrace,mwholesworthhx@tinypic.com
6395467930891735,Kozey Group,379-731-9212,3 Sachtjen Pass,ausbornhy@squidoo.com
5048373676675006,Toy Inc,275-143-6265,422 Redwing Road,jcardhz@sun.com
4917898397136103,Ryan-Jacobi,299-274-7793,6083 Northview Center,acritchleyi0@mlb.com
3549497253474001,"Ortiz, Deckow and Collier",469-549-4948,069 Lighthouse Bay Park,suziellii1@mac.com
4017952915684,"Renner, Dietrich and Cremin",952-270-6769,7493 Spohn Plaza,rbeediei2@altervista.org
5610262662140091,Sporer-Abshire,454-658-5166,7275 Gerald Crossing,blantiffei3@gmpg.org
30101415867878,Fisher-Schroeder,762-289-3347,83 Pond Pass,areynoldi4@barnesandnoble.com
67066377499647719,Tromp-Smith,546-197-4111,9540 Mandrake Road,kmytoni5@epa.gov
30593977202850,"Lesch, Muller and Harris",740-600-1348,1582 Elka Alley,mroelofsi6@prweb.com
3585333914488103,Shanahan-Tremblay,443-968-0764,0 Lillian Point,mabrashkini7@cocolog-nifty.com
3544668390400522,Kris-Tremblay,691-765-7702,3 Bultman Parkway,bhlavaci8@flickr.com
4913429736647735,"Durgan, Okuneva and Hudson",218-663-1098,9 Cherokee Way,wbrandassii9@weather.com
3580910382401000,Schmeler LLC,791-101-7194,16 Roxbury Way,awishkaria@youtu.be
3554080267280754,Keeling-Jacobi,964-196-2484,7617 Claremont Terrace,wboullinib@naver.com
3548673691014184,Douglas-Wehner,748-776-0813,821 Hermina Parkway,anunanic@reference.com
3566148842490424,Spencer and Sons,725-473-8159,184 Bartelt Avenue,amclarnonid@photobucket.com
4026396605317951,"Bins, Douglas and Mertz",529-587-8760,365 Waywood Way,ehadinghamie@i2i.jp
501870461598353363,Homenick-Barton,110-591-3948,5 Ridgeview Street,kbertelmotif@gmpg.org
3589650715467788,Kertzmann and Sons,798-478-8516,31518 Kings Road,jfladeig@360.cn
3588381989333800,Kuhic LLC,594-544-9032,006 Badeau Terrace,hframminghamih@ameblo.jp
30498690018486,Prohaska and Sons,664-175-8151,9528 Oak Valley Lane,lmeranii@ted.com
30004468646449,Jones-Little,299-615-8853,210 Nevada Plaza,amechellij@acquirethisname.com
6395540853736291,Wehner-Jenkins,191-395-7573,1171 Browning Road,kmarlik@last.fm
5108757234466873,"Beatty, Wunsch and Conn",573-251-4871,15878 Moose Pass,hvicaryil@huffingtonpost.com
3552400471207736,"Nader, Boyer and Monahan",837-221-8800,4058 Debra Court,cklessim@vkontakte.ru
6304879220481141200,"McGlynn, Klein and Braun",620-786-0890,04719 Rigney Circle,cscalain@webeden.co.uk
5602222885626888,Adams Inc,613-839-2446,28 Brickson Park Park,gduligallio@tuttocitta.it
4017950459177381,Braun-Schimmel,245-296-3585,3 Jay Point,msneezumip@sun.com
5602211104229368,"Welch, Koelpin and Bayer",397-958-7358,59898 Erie Crossing,mlivickiq@theguardian.com
30117889209421,"Heidenreich, King and Ritchie",371-711-8198,19 Dottie Park,rclaesensir@xinhuanet.com
201795937629493,Mohr-Dooley,946-389-1540,1165 Scoville Place,bbirtwisleis@miitbeian.gov.cn
630436846058191192,Runolfsson LLC,257-800-0369,508 Waxwing Court,bdeamayait@wsj.com
6333240406926396043,Hilpert-Beer,990-255-5459,66 Linden Terrace,cfairiu@cbsnews.com
3530142107838990,"Murphy, Abbott and Auer",140-938-7213,111 Randy Point,chusoniv@hibu.com
3567073823867763,Nader-Rutherford,796-933-8332,91 North Pass,sjozsefiw@wikimedia.org
3549312426331311,Hagenes LLC,842-592-0831,194 Sunbrook Center,rcruftsix@mail.ru
5108759921565314,McLaughlin-Wyman,739-644-7419,54289 Anhalt Plaza,jmarfeiy@ox.ac.uk
6334211117108917,"Stanton, Heaney and Rice",948-447-0354,6082 Mallory Drive,bkynseyiz@unesco.org
3586334424378114,"Hickle, Hettinger and Koss",232-999-9517,489 Claremont Court,tbeckersj0@t.co
56022244603945312,Weissnat-Fadel,706-548-9816,3 North Center,htoursj1@theatlantic.com
676739026201477221,"Marquardt, Sipes and Lowe",297-956-0716,193 Carioca Parkway,lesseryj2@netlog.com
3544340080219501,Vandervort Inc,897-724-5442,08907 Armistice Road,kmcturleyj3@discuz.net
201690853792864,"Barton, Lind and Ernser",977-707-6316,2939 Oak Avenue,chobdenj4@google.co.jp
3559570539412727,Kuvalis Inc,589-280-9371,87055 Kipling Avenue,ckemeryj5@seattletimes.com
3532163791274373,Hirthe and Sons,242-129-5115,18471 Jenifer Lane,sskeechj6@economist.com
4175003400152265,"Rogahn, Dare and Deckow",441-383-7382,83 Holmberg Plaza,rfranzkej7@dell.com
3563743934651140,"Dickens, Schuppe and Turcotte",170-798-9112,4810 Londonderry Plaza,crandalj8@stanford.edu
6304183522610835,"Lindgren, Denesik and McLaughlin",115-628-7150,0786 Twin Pines Alley,cvobesj9@cloudflare.com
5610996287962013,Considine-Mayer,608-854-7575,550 Schmedeman Crossing,clackhamja@cbc.ca
4026794616761953,"Quigley, Brekke and Parker",594-314-9081,9987 Harper Drive,kferbyjb@cornell.edu
3564354501881828,Cartwright-Orn,703-301-5720,1630 Surrey Plaza,ndillawayjc@sbwire.com
3543968979324999,"Wyman, Steuber and Kassulke",783-461-9496,53303 Eliot Lane,ldentyjd@sphinn.com
3533865822735474,Rosenbaum-Goldner,953-648-7503,32 Golden Leaf Lane,lvalenteje@adobe.com
3573101857102146,"Veum, Simonis and Fisher",749-483-4852,0 Bluejay Court,bsivyerjf@cnbc.com
5641827829568107931,Beier Inc,425-461-1478,368 Pankratz Place,chawkshawjg@printfriendly.com
30504620015144,"Veum, Kessler and McCullough",971-144-8701,97 Longview Trail,rsandilandsjh@photobucket.com
3530688730893695,Lubowitz-Smith,185-225-7706,687 Susan Circle,asimonelji@cam.ac.uk
3548413444969669,"Beahan, Kuhic and Hauck",621-618-9291,05029 Esch Avenue,oalbertjj@apple.com
3575934375112207,Kiehn Group,543-773-0649,5 Northview Trail,disgarjk@360.cn
4508181227211221,Jacobs LLC,417-665-6480,4880 Derek Drive,kdonawayjl@cmu.edu
3561533065406782,Miller-Frami,951-841-5082,0 Anhalt Court,adoeljm@globo.com
3587474343923589,Schuster-Feest,847-932-5513,3031 Shelley Place,omartinyukjn@cloudflare.com
3550265312313304,Bogan Inc,813-922-2637,25161 Erie Alley,cdanielssonjo@google.com.au
3545893827063235,"Stoltenberg, Bernhard and Jacobs",567-623-7436,9 Park Meadow Parkway,gkestonjp@prlog.org
30495458417553,Blanda Inc,484-481-2027,98 Dexter Point,rextiljq@wired.com
5348100728789965,Beier-Schowalter,906-340-7689,7 Mitchell Place,sshillaberjr@blog.com
3554048692189122,Sauer-Cole,653-453-8852,8902 Linden Circle,ahaycockjs@cafepress.com
5602249085218182,Yundt LLC,725-318-4870,5 Golf View Way,eselkirkjt@noaa.gov
374283613796846,Leffler Group,591-556-0077,774 School Alley,cluskju@cbslocal.com
3582660782686316,Gutkowski and Sons,808-512-9437,3586 Helena Pass,lchokejv@cnet.com
3546372761952272,Bode-Fay,332-253-9521,11 6th Road,ttitmussjw@pbs.org
3558376461175998,Wehner-Mertz,513-802-1989,92185 Little Fleur Parkway,wdayerjx@wix.com
3554747731622510,Brakus LLC,562-930-1895,08 Delaware Junction,tdoberjy@about.me
3543101133539639,Schiller and Sons,274-688-0484,34 Dwight Pass,deixenbergerjz@techcrunch.com
5002357597016931,Denesik Inc,189-214-1300,85682 Surrey Park,ssurplissk0@tumblr.com
3563014564090706,Muller-Casper,123-509-9883,1486 2nd Place,bbengtssonk1@biglobe.ne.jp
3540137493609870,Balistreri LLC,992-940-3735,2 Mccormick Crossing,syurtsevk2@tripadvisor.com
3540822094574348,Roberts and Sons,974-995-2567,01 Comanche Point,scragellk3@yahoo.com
3535568118461098,"Boyle, Thompson and Wiegand",680-841-5838,9910 Continental Hill,gcosansk4@behance.net
5292096368344572,"Lind, Leuschke and Pfeffer",376-746-2531,02249 Schiller Plaza,jcantrellk5@weibo.com
3535712268441977,"Kunze, Farrell and Wyman",683-745-8944,0 Portage Center,taugark6@shinystat.com
3546658153303284,"Cremin, Orn and Fisher",293-909-7994,0 Homewood Court,elegertonk7@bandcamp.com
564182904236072367,Reilly-Reilly,565-468-5672,501 Declaration Plaza,duttleyk8@xinhuanet.com
201461334061075,"Durgan, Langosh and Kutch",620-836-6168,737 High Crossing Park,gbaackk9@blinklist.com
5602249057175576,Weimann-Wiza,819-533-8069,42 Hoffman Plaza,apleatka@pcworld.com
3589826815309464,"Effertz, Ledner and Sporer",167-297-6763,2 Mariners Cove Circle,mwilmankb@patch.com
4844726020982122,Treutel LLC,363-543-6716,1 Lawn Parkway,oboykettkc@hugedomains.com
4844846703823961,Ratke-Hartmann,979-754-0302,0 Sullivan Lane,vnassaukd@mit.edu
30419964918797,Kris-Runte,542-696-7107,2619 Corscot Road,fsoutherske@nifty.com
3587137237462143,"Schamberger, Batz and Walker",781-501-0168,530 Packers Plaza,ggoldinekf@uiuc.edu
30294145833367,Stokes Inc,569-608-5268,085 Erie Park,mbennskg@shutterfly.com
5602239205267318,McKenzie Inc,178-955-7410,89043 Ilene Plaza,pmintoffkh@myspace.com
670691537003663932,Sipes Inc,193-962-8952,10 Oxford Drive,bmonsonki@wix.com
3532879137027627,Kassulke-Kreiger,122-327-9410,8 Tomscot Avenue,jbuglerkj@constantcontact.com
3567143607014815,Carroll Inc,252-381-2529,032 Hoard Junction,hsmitherskk@sciencedaily.com
3549744681354051,McClure-Schinner,897-414-9820,1 Meadow Ridge Drive,gmcnabkl@eventbrite.com
3553233802081614,Hickle and Sons,228-552-0353,746 Mayer Park,mlebatteurkm@istockphoto.com
5108750772864369,"Hintz, Bayer and Homenick",120-413-3927,919 Rowland Avenue,gblaineykn@irs.gov
5602228034700037,Quitzon and Sons,312-373-0531,8993 Sutteridge Pass,gcovelleko@delicious.com
3537332810935257,Ullrich and Sons,156-793-7960,712 Hermina Parkway,bfolliottkp@scientificamerican.com
5602219900112456,"Satterfield, Bins and Kertzmann",950-484-4183,18 Del Sol Court,mattewkq@simplemachines.org
67060334845022614,Boyer Inc,924-678-2639,1 Hintze Plaza,tcelezkr@sphinn.com
374288671229119,"Bode, Klein and Lindgren",890-265-5020,6008 Golf View Alley,owindleks@issuu.com
3575724826129425,Schultz-Will,602-557-5885,09764 Kingsford Center,gbardkt@ca.gov
6304031319303241282,"Goldner, Hayes and Swaniawski",572-607-4767,66913 Tony Pass,etillardku@cam.ac.uk
502028803127195923,"Bosco, Kris and Bins",243-745-7714,70 Saint Paul Road,npabloskv@washingtonpost.com
3572072569682744,Bode-Rosenbaum,656-804-0646,7227 Vahlen Way,atillertonkw@cpanel.net
3547587454727793,Runte and Sons,123-777-7009,91864 Elka Hill,askerrittkx@issuu.com
3552306241073060,Connelly-Walsh,665-463-2031,5 Corry Trail,babbotsonky@deliciousdays.com
3547235405894029,Runte-Tromp,672-427-1307,54206 Hudson Plaza,lsimanenkokz@china.com.cn
30431634144381,Conroy Group,535-569-6411,5577 Debra Plaza,feilhertsenl0@webmd.com
3571712857394608,Wuckert-Larkin,346-701-0437,68637 Toban Parkway,nlidsterl1@etsy.com
3563257169475638,"Cole, Boyer and Becker",247-319-8529,88 Maywood Park,wcopestakel2@zimbio.com
30079352509168,Daugherty-Schimmel,828-542-7173,2177 Beilfuss Place,fmobleyl3@1und1.de
30481802375655,Gleason-Paucek,160-699-5928,60843 Spohn Pass,hspinigel4@pcworld.com
201415856309346,Maggio-Eichmann,252-635-7652,228 Westport Parkway,mkeysel5@mozilla.org
3567870051349400,Wehner and Sons,989-934-9723,99 Cardinal Way,clittrickl6@wikimedia.org
3559900793115270,Gislason-Denesik,315-154-1076,86 Pierstorff Park,plearmanl7@umn.edu
5602247984196137,Barrows Group,766-833-3633,0672 Little Fleur Court,bstofferl8@yandex.ru
5602232787508241,Fay Inc,819-705-8134,7 Artisan Junction,atunnockl9@shutterfly.com
0604217444539423,Jones-Marvin,163-514-2207,5 Kenwood Park,mmcclymondla@slideshare.net
3567417862559056,Dicki-Pfannerstill,137-672-4108,6 Westerfield Place,abacksallb@yandex.ru
3583007651042529,Lang Group,907-216-6557,7 Arizona Plaza,tsetchlc@princeton.edu
201587496639298,"Reinger, Hermiston and Collins",301-883-0662,20918 Lake View Crossing,vhammorld@examiner.com
5108751514000395,"Nitzsche, Howell and O'Kon",891-227-6560,41 Washington Alley,vferiale@cornell.edu
30356582485462,Kohler LLC,367-472-4920,49943 Meadow Valley Way,brudyardlf@cornell.edu
5373857342040830,Wehner-Mann,886-438-6195,02 Browning Terrace,ktorreselg@gizmodo.com
4041592251904,Spencer Inc,587-981-3280,5 Westport Alley,cheinschkelh@live.com
3557315158421795,DuBuque LLC,375-938-6788,5967 Mcbride Terrace,tferrickli@vkontakte.ru
6333773633066426778,"Schroeder, Schoen and Bogisich",258-375-4695,891 Fisk Pass,frehmlj@si.edu
6331102465987976656,Ullrich-Kuvalis,879-539-7282,16 Holmberg Park,enorvilllk@behance.net
3531267859045012,Purdy and Sons,952-374-2633,97 Declaration Center,aboverll@discuz.net
4227570129742251,Rolfson-Kling,676-131-6546,379 Anhalt Drive,clabittlm@discovery.com
4936167796068986481,Shields-Ortiz,297-520-4153,2 Quincy Way,kvangiffenln@ebay.com
5312764498532533,Bashirian and Sons,747-766-8646,1855 Homewood Terrace,eloundlo@friendfeed.com
6762141517358818021,Stokes and Sons,919-540-6720,4 Steensland Trail,ibirtwelllp@chron.com
3554444133466999,Torphy and Sons,254-995-4907,5538 Gina Terrace,bghelardonilq@unesco.org
344119251421569,Cormier-Nicolas,163-760-0091,61333 Lerdahl Avenue,mrupprechtlr@techcrunch.com
3584813245772383,Koelpin Inc,111-292-8126,81582 Stone Corner Junction,nfearneyls@google.com.hk
3575762190294045,Toy-Stiedemann,779-901-4287,504 Bonner Center,lmainlt@sourceforge.net
67631665515701759,"Zieme, Weissnat and Marvin",200-593-5333,80 Daystar Way,cyoungmanlu@gmpg.org
3569933632519848,Mraz-Christiansen,218-333-0904,8 Westport Road,khawkinglv@unc.edu
5610695106213034,Feest-Dicki,266-178-8776,943 Knutson Hill,freastlw@ed.gov
3581183227351900,"Quitzon, Krajcik and Herman",791-503-5795,5942 Mandrake Crossing,sscallonlx@simplemachines.org
5602243366734579,"Heathcote, Olson and Friesen",178-810-3453,11 Green Ridge Court,kfrounksly@cisco.com
36131273479718,Funk-Stehr,903-306-3776,1 Stone Corner Trail,lcastellanlz@goo.ne.jp
3573208494302888,Parker LLC,762-314-5748,19 Bayside Terrace,mbelshamm0@geocities.jp
3541341216882892,Blanda Inc,834-918-8985,92417 Dahle Center,lscrancherm1@123-reg.co.uk
5002351689220956,Senger Group,878-719-0108,77126 Clyde Gallagher Way,scowlesm2@multiply.com
3554417943988931,O'Connell-Dare,828-741-9966,7 Sommers Avenue,lmclellandm3@google.cn
3582236294457411,Klocko LLC,633-242-4566,38 Red Cloud Terrace,osoldanm4@who.int
4905474992213236,Rau-Aufderhar,959-966-0440,0 Dottie Alley,hcollmanm5@stanford.edu
3553264858124081,"D'Amore, Anderson and Lubowitz",724-790-6569,33824 Lyons Pass,rharbackm6@slideshare.net
3581583393142308,Parker Group,628-554-2274,5 Parkside Hill,fquinnettem7@usgs.gov
4082695555699966,Wiegand-O'Reilly,622-380-7153,85 Kedzie Alley,dkemmetm8@bing.com
3562194944997050,Effertz and Sons,172-697-1759,0 Westport Lane,ghallibonem9@ed.gov
4041377913868,Harris LLC,776-912-1682,3506 Washington Drive,tmccarrellma@wikispaces.com
5007660328874527,"Bogan, Harvey and Raynor",377-480-3557,7556 Northview Plaza,mhoodlessmb@biblegateway.com
5602234466599762423,Paucek Inc,230-634-2772,26762 Loomis Hill,amcteaguemc@prweb.com
3587522668229931,Harber and Sons,800-834-1706,726 Mccormick Plaza,vveelmd@altervista.org
3556280036959138,Thiel-Abbott,475-240-9661,01 Iowa Center,csiddeleme@goo.gl
3528809532175297,"Dibbert, Hessel and Legros",760-803-2394,6549 Cascade Point,jmeakesmf@godaddy.com
3576666998272591,Hauck-Nitzsche,376-173-2797,8 8th Point,sbouchmg@barnesandnoble.com
5194454716974195,"Osinski, Kuhlman and Aufderhar",405-540-1093,2 Del Sol Street,edragemh@addtoany.com
3577236531075569,"Gleason, Conn and Champlin",890-325-8816,91210 Grim Court,hvegasmi@mashable.com
4026799104811079,"Thiel, Rolfson and Dicki",420-688-6420,183 Waywood Court,rplatfootmj@surveymonkey.com
3547265953558197,Buckridge-Cummerata,999-560-7787,656 Bunker Hill Parkway,abengocheamk@sina.com.cn
3559971313246465,Boyer-Lemke,665-811-9053,2401 Caliangt Drive,tchapelhowml@privacy.gov.au
3580097097353757,Crist and Sons,913-658-5608,63685 Miller Junction,wdochonmm@squarespace.com
3540459291507720,"Buckridge, Murray and Ernser",171-155-5920,9 Farragut Parkway,kingmn@linkedin.com
3534966816603774,Luettgen Group,502-624-4560,8 Dapin Terrace,ehalymo@tiny.cc
5602233229751167,Gleichner LLC,893-672-5500,272 Ludington Avenue,flambswoodmp@cisco.com
3536119085888654,Vandervort-Christiansen,643-839-7767,36284 Gale Lane,efurzemq@networkadvertising.org
3550000010549515,"Pacocha, Zieme and Toy",893-838-3716,7345 Mockingbird Parkway,srustedgemr@netlog.com
3571005168793729,Morar Group,468-938-2634,393 Nova Plaza,lsmardonms@independent.co.uk
4017953849106,Bosco and Sons,288-456-1469,71 Namekagon Pass,gmancellmt@vinaora.com
5100146579789172,Kulas and Sons,980-298-0337,14121 Pond Plaza,gmckintymu@wikia.com
67615578374665231,"Roob, Ziemann and Bednar",460-229-7798,45287 Trailsway Park,dcrabmv@earthlink.net
5444626387288546,"Satterfield, Pollich and Schneider",847-777-6563,07630 Riverside Way,omarymw@latimes.com
5233535611632293,Wilkinson Group,912-706-9959,61480 Upham Alley,ddahlgrenmx@trellian.com
5100144275838757,"Dach, Ratke and Labadie",888-474-0610,9329 Hansons Park,hfrostmy@oaic.gov.au
3560179199607910,Kassulke-Roob,968-235-5352,35119 Havey Street,awalklingmz@state.gov
6763686581118530432,"Kuphal, Crona and Keeling",263-506-1424,6 Sunbrook Terrace,gsawneyn0@aboutads.info
5010129055909257,Beahan LLC,135-697-7599,05392 Jenna Avenue,cfenelonn1@economist.com
5602245621354200,Padberg LLC,233-468-5558,944 Clove Court,lpatiencen2@lulu.com
5002358410955453,Von-Rohan,359-382-4202,238 Sullivan Pass,dsnozzwelln3@foxnews.com
201556022958621,Boyle LLC,742-851-7148,6 Shelley Pass,toneiln4@issuu.com
30265732989135,Huels-Reilly,725-806-1820,264 Starling Avenue,esuthrenn5@webs.com
36063544010701,Kihn-Kozey,323-701-0258,4412 Nancy Trail,craviliousn6@jalbum.net
3583890937129669,Monahan-Ritchie,992-198-5788,94 Stone Corner Hill,wvernhamn7@businessinsider.com
3588045272327148,Pouros LLC,657-814-7289,11 Bowman Alley,joldhamn8@guardian.co.uk
50208918125916914,"Hudson, Hammes and Kiehn",760-445-6699,896 Prentice Alley,sreicheltn9@dot.gov
3584979778304389,Jacobi-Emmerich,130-112-9905,66 Moulton Plaza,atuckettna@blog.com
6759297194161931611,Monahan-Zboncak,317-965-7674,2415 Hanson Crossing,tdemullettnb@technorati.com
3571142940873063,Jakubowski-Sauer,261-944-0858,477 Morning Street,deverettnc@huffingtonpost.com
3578585989823360,Moen-Boehm,519-282-1438,32 Sachs Circle,bpontinnd@businesswire.com
341747151679812,"Bradtke, Kemmer and Hermann",602-870-7183,04280 Eliot Court,mkoptane@photobucket.com
6759826964265779,"Reichert, Kihn and Renner",350-429-6170,8328 Lakeland Terrace,gbastonenf@who.int
3574273686969257,Kling Inc,869-240-0061,90534 4th Lane,hsirlng@imageshack.us
5460470476078479,Denesik LLC,202-297-8853,3785 Morningstar Lane,pranklinnh@twitpic.com
5450967355602602,"Shanahan, Streich and Lueilwitz",251-423-6618,904 Schlimgen Hill,dspaldingni@zdnet.com
3535402983274974,Ernser and Sons,421-308-9067,7804 Montana Court,mburbidgenj@who.int
5108754851355547,"Murray, Hodkiewicz and O'Connell",391-710-1048,22631 Roxbury Avenue,ncroxtonnk@accuweather.com
3540704836114692,Kihn-Hodkiewicz,301-225-9082,75439 Westend Trail,plobernl@google.ru
3535148259057193,Koch-Smith,515-869-1541,5 Kipling Drive,dtreenm@jiathis.com
30233733719943,"Klein, Gerhold and Braun",832-180-0725,2900 Loeprich Trail,osarvarnn@squidoo.com
5602256542897292,Pfeffer-Berge,748-278-7286,6620 Grasskamp Point,csarleno@dell.com
4405647385846473,"Donnelly, Fisher and Johns",139-947-7072,142 Macpherson Parkway,ofilipnp@instagram.com
4508835900881143,"D'Amore, Schoen and Johnson",295-630-8024,68 Fisk Point,mmaydwaynq@vimeo.com
6375032741039512,"Mayer, Turcotte and Schultz",528-641-2116,0344 Di Loreto Lane,tmylechreestnr@senate.gov
4405636627959095,"Conroy, Rutherford and Raynor",270-446-7264,0624 Harper Point,kgwinnellns@bloomberg.com
5641822599121549,Macejkovic-Murray,412-685-0152,09925 Forest Run Terrace,sbeswicknt@issuu.com
3571583364379824,Hegmann and Sons,593-769-5360,1333 Maple Center,tallsoppnu@skyrock.com
3571245041706643,Yundt-Batz,877-158-6189,640 Magdeline Junction,kfadiannv@163.com
3567338455358013,Schmeler and Sons,890-986-0049,4381 Eagle Crest Place,amiddlewicknw@pinterest.com
4844802492014221,Hahn-Doyle,221-412-2428,3 Forest Run Lane,tjobbinsnx@redcross.org
3585205810623886,Kassulke Group,996-805-5148,19419 Wayridge Plaza,tbettny@amazonaws.com
3575837093678120,Sanford-Wisoky,160-275-1710,1 Reinke Parkway,cwhitchernz@si.edu
4041590110053876,Jakubowski-Rippin,178-694-2624,06107 Huxley Avenue,jsilvero0@twitpic.com
30169600898404,Keebler-West,712-735-2663,65785 Orin Pass,pwhitmoreo1@barnesandnoble.com
3585477149209634,Bogisich LLC,392-155-9950,7 Crescent Oaks Avenue,hgillbeeo2@clickbank.net
3540096687079219,"Fay, Tromp and Marvin",430-588-6011,2341 Mitchell Point,tschroedero3@vinaora.com
371981379145917,Ankunding Group,538-585-9213,44 Lunder Hill,mcosteo4@sina.com.cn
6709437011594372401,Prosacco-Runolfsson,801-483-4712,547 Pankratz Court,lpavlovo5@slate.com
3584021725161982,Gerhold-Kunde,452-593-6941,8969 Hermina Parkway,ahaylando6@webnode.com
5602246709152953,"Ferry, Koch and Wehner",815-611-4718,6223 Loomis Plaza,cmortelo7@dailymotion.com
633110461426311899,Strosin-Skiles,131-224-8560,00510 Paget Drive,ofilliskirko8@go.com
63045157339951082,Hudson-Corwin,202-601-2306,174 3rd Parkway,kputtocko9@home.pl
5610914658034197,"Bashirian, Fritsch and Rutherford",864-459-7247,9 Burning Wood Lane,gclaqueoa@istockphoto.com
3548389275981835,Emmerich and Sons,326-593-2930,006 Waxwing Alley,akochsob@ucoz.ru
5602247699264139,Schuppe LLC,353-974-3510,80240 Cordelia Trail,iwhaplingtonoc@yelp.com
4903722218239670,Hansen-Prosacco,202-400-8568,5830 Forster Trail,afebreod@businessweek.com
372301689037051,"McKenzie, Shields and Dibbert",866-347-9867,1 Namekagon Terrace,tmathiassenoe@devhub.com
6373560309820149,"Swaniawski, Wisoky and Moore",772-661-7193,27264 Duke Avenue,mmoncreiffeof@photobucket.com
3531622665611334,Schumm Inc,923-827-2677,9999 Red Cloud Terrace,dbausorog@shinystat.com
3553725906215006,Cormier-Luettgen,184-867-6303,4066 Oriole Junction,llismeroh@reuters.com
5007663193226658,"Kemmer, Kilback and Purdy",741-997-3806,3438 Hanson Place,pcardiffoi@illinois.edu
4844064304064494,Skiles-White,365-918-2918,66705 Kings Parkway,msimpkinsoj@sfgate.com
3535976866622383,"Dibbert, Dickinson and Bruen",693-414-4868,50555 Fair Oaks Court,lboutwellok@geocities.com
3564216075454805,Shanahan LLC,748-686-1680,7229 Valley Edge Parkway,emarieol@mozilla.org
6333896972707315095,Sipes Group,393-953-4064,637 Lakeland Road,gklemenzom@gravatar.com
06044848162336967,Trantow-Zemlak,215-897-7148,81 Hovde Center,stillmanon@quantcast.com
3535979489087018,"MacGyver, Stehr and Kub",247-686-8703,0 Riverside Avenue,enyssensoo@furl.net
6763105616346431491,Mertz-Bergnaum,233-148-0842,261 Prairieview Court,rplottop@dmoz.org
6333866572234010,"Pagac, Rempel and Feil",768-283-3181,36 Hagan Center,jmasdinoq@si.edu
5602244410117894,Koss LLC,434-529-4196,18330 Dorton Drive,ematzkaitisor@over-blog.com
6331108571598307,Bernhard Group,489-480-5388,027 Bonner Terrace,pshoebothamos@harvard.edu
3581753788874894,"Thompson, Franecki and Zulauf",556-687-6988,94905 Marcy Crossing,vdebernardisot@abc.net.au
6762914187961179,"Franecki, Haley and Hills",470-942-6369,3 Banding Circle,mannandaleou@vistaprint.com
5100173368007236,Grady-Rowe,288-216-0555,0 Blackbird Alley,jphinov@jalbum.net
3541508567905031,"Robel, Ankunding and Brakus",197-408-0048,25684 Mitchell Lane,cmccartneyow@redcross.org
30194964526144,Boyer Group,567-725-8568,6585 Prentice Point,larniox@deviantart.com
5610475407029789,Mayert and Sons,151-697-6163,939 Thompson Place,bjennionsoy@sourceforge.net
0604535642478934757,"Gibson, Harber and Windler",577-392-5557,3 Pleasure Drive,cmccoryoz@facebook.com
3541020650664913,O'Connell LLC,740-524-6841,8 Colorado Avenue,lgowdyp0@geocities.jp
374622457015492,Lemke-Pfeffer,600-918-1681,4 Kenwood Road,lwelchmanp1@artisteer.com
630486107923140826,Haley-Ernser,720-399-8413,516 Holmberg Pass,jcopestickp2@wikia.com
5010121503387947,"Weimann, Kulas and Emard",605-585-0249,73637 Kropf Plaza,lchevertonp3@microsoft.com
4917657889665361,Williamson-Herzog,450-176-0996,1 Laurel Street,rmartinezp4@nsw.gov.au
6380993513171317,Medhurst LLC,527-117-6706,12568 Donald Plaza,straillp5@upenn.edu
6761916422236664,Ryan-Glover,313-402-6404,802 Clemons Street,jcrushp6@wikipedia.org
3584049075789250,Smitham Group,307-941-3724,7 American Point,lpeelp7@yellowbook.com
3541145927722085,Corwin and Sons,358-793-8011,8 Petterle Way,rjannawayp8@posterous.com
5100170789049383,Bergstrom-Flatley,192-362-3963,65 Stone Corner Hill,cneyp9@mayoclinic.com
4017954813602944,Kohler and Sons,670-224-5435,47152 Lyons Alley,pphipardshearspa@engadget.com
3578565599475009,Robel-Mitchell,746-183-0223,15137 Gateway Pass,mlissemorepb@princeton.edu
3586823250855633,VonRueden Group,857-520-6212,7741 2nd Junction,rferreropc@webeden.co.uk
3570656450063832,Greenholt-Stanton,641-802-2544,506 Monterey Drive,bphilippsohnpd@adobe.com
633435487976915019,McCullough and Sons,778-136-2702,5512 Pierstorff Terrace,druddpe@domainmarket.com
3561869108585327,Brown-Little,657-369-1957,9326 Kim Lane,srimespf@hibu.com
4175002268246318,Satterfield-Goyette,110-183-0920,128 Toban Hill,bdartanpg@dailymotion.com
3564576187178539,Koelpin-Connelly,668-726-4571,7 Annamark Court,vmacgillivrayph@g.co
36754317572865,"Abshire, Langosh and Conroy",898-361-9206,41 Mosinee Place,ccarlinopi@ezinearticles.com
4911321620045503027,"Kreiger, Boyer and Gottlieb",553-948-8390,04 Melby Plaza,arosindillpj@printfriendly.com
3556106607542997,Larson-Schmitt,781-762-4751,1 Mcguire Street,mtornspk@slashdot.org
3587069947325783,Corkery and Sons,334-362-8517,02017 Sheridan Hill,mgroganpl@vistaprint.com
3536881958864993,Thompson Inc,730-275-6193,1414 Truax Drive,ydrewspm@state.gov
201479391827758,Gaylord-Haag,220-818-5364,53 Northland Street,ageanypn@yahoo.co.jp
3588395291423083,"Ziemann, Borer and Auer",453-728-2144,93 Brentwood Court,eromapo@java.com
5020679583192162,"Murphy, Veum and Auer",232-861-4474,938 Haas Terrace,igodbypp@last.fm
374283605613983,"Johns, Lakin and Torp",336-826-3861,40174 Gale Pass,pheynelpq@vkontakte.ru
30568121759583,"Thiel, Bauch and Weber",815-577-0799,823 Truax Way,bmintoffpr@cloudflare.com
3540322596584374,Hilll-Steuber,271-628-6896,05225 Corscot Junction,hphillpsps@harvard.edu
3588645552727709,Schowalter Group,672-359-3362,832 Dawn Street,alorrimanpt@tmall.com
30304245105796,"Lueilwitz, Kuvalis and Roob",316-309-3778,0649 Ronald Regan Crossing,jgommeypu@umn.edu
30308696546630,Runolfsson-Schoen,745-545-2033,9192 Rusk Park,ckuhntpv@cyberchimps.com
6333416905626133653,"Brekke, Schumm and Gutmann",711-361-0621,69692 Merry Avenue,ajemisonpw@blog.com
30589535432112,Denesik Group,490-869-1843,9999 Waxwing Junction,sbaudessonpx@nhs.uk
3540465709249789,Mayer-Howell,442-267-3539,2 Evergreen Plaza,grawstornpy@ca.gov
3545439122378033,Koss Inc,340-712-6061,1 Esker Lane,dbremenpz@imageshack.us
6394864259496842,"Cremin, Boyle and Friesen",649-343-0592,82 Coolidge Trail,zmucciq0@meetup.com
5545521779958822,"Trantow, Lemke and Denesik",803-370-1644,45968 Dakota Place,rcarnellq1@devhub.com
3572703577624050,Wilkinson-Willms,159-876-4412,55 Arkansas Alley,rduinkerkq2@cnn.com
5602242858756348,Kerluke LLC,871-551-8367,5993 2nd Place,mjacklinq3@eventbrite.com
5002350090135555,Crooks Inc,974-700-5076,8 Center Trail,brosenfieldq4@chronoengine.com
3553601269147054,Mitchell Inc,378-695-7118,32574 Karstens Road,aelsterq5@theglobeandmail.com
201782129344867,Huel and Sons,321-360-6227,27 Mayer Road,rannattq6@example.com
6759315688565704696,Padberg and Sons,662-837-9320,21053 Fuller Point,ltimblettq7@myspace.com
5211179395486299,Bahringer Inc,888-514-9409,344 Crescent Oaks Way,jpietsmaq8@bbc.co.uk
3531072975931198,Kuvalis and Sons,311-427-0985,6966 Thompson Place,lmoralesq9@xing.com
3578380650310818,Stehr-Bayer,272-499-0335,65 Ohio Road,rtimmermannqa@unicef.org
36576599045678,Gaylord and Sons,234-629-6936,3 Amoth Circle,rbonerqb@statcounter.com
5361085953001974,Oberbrunner-O'Keefe,420-908-8220,027 Hoffman Way,dlambertonqc@google.fr
50387213945555073,"Cummerata, Walsh and Breitenberg",560-986-2565,95 Ohio Road,ccrowcombeqd@howstuffworks.com
561097823829195395,Lind Inc,280-393-7989,72 Straubel Street,cmorelandqe@xrea.com
4936644980291145932,Quitzon Inc,499-367-4451,4566 Towne Place,jblockleyqf@livejournal.com
5007663261578675,Mosciski Inc,602-870-4661,0 Steensland Trail,eladlowqg@dagondesign.com
675951568236683144,Senger LLC,360-380-1688,415 Monterey Alley,nbudgeqh@disqus.com
5602212716596798,Koelpin-Price,392-742-6776,339 Shelley Way,jmoquinqi@tinypic.com
3565835322087727,"Brakus, Hartmann and Lang",271-544-8409,12 Blaine Park,mhowlandqj@cbsnews.com
3572291788693460,Greenholt-Weber,321-812-5637,38 Evergreen Park,joshevlanqk@purevolume.com
3528926392639855,Cruickshank Group,818-529-3319,284 Blue Bill Park Plaza,gkinsleyql@dion.ne.jp
3571050730065107,Heathcote Inc,773-212-6444,802 Grasskamp Junction,lmerryfieldqm@alibaba.com
3536395987520054,"O'Kon, Pagac and Collier",996-314-8996,2 Karstens Junction,oarrigoqn@reverbnation.com
5602227348214289,Stanton LLC,337-410-4830,60041 Stang Way,rjurgenqo@free.fr
5100176098622380,Brakus LLC,591-282-5982,3 Tomscot Road,obakhrushkinqp@hexun.com
30100877466625,"Powlowski, Braun and Ullrich",271-348-2081,3419 Mallory Trail,bchaunceqq@exblog.jp
3559652568116146,Lowe Inc,888-657-3401,2451 Victoria Road,asisslandqr@harvard.edu
5108753193433996,Ward Inc,919-596-1207,5130 David Street,aeneferqs@multiply.com
5020896433136658,Rowe-Medhurst,126-343-8710,04116 Springview Drive,amatissoffqt@google.es
5602227898318613,Pagac-Becker,130-566-3612,19000 Hovde Hill,sblakesleyqu@hc360.com
3580964663582962,"Renner, Vandervort and Beier",957-914-9974,29 Shoshone Trail,mdunqv@webs.com
3558786814202721,"Kunze, Roob and Kohler",538-256-3025,830 Butternut Way,msulmanqw@hexun.com
56022417603342835,Schneider Inc,861-894-7463,397 Spenser Park,dlammersqx@flavors.me
4936157210633811481,Fahey Inc,148-622-5201,1967 Shoshone Parkway,pmcgintyqy@usda.gov
3564255550348421,"Yost, Fay and Zieme",525-690-9644,195 Grim Avenue,banthonsenqz@simplemachines.org
3553687636435900,"Gutkowski, Maggio and Toy",118-292-9139,9 Montana Road,agodridger0@mlb.com
3573431699781637,Schneider LLC,322-224-5623,42 Farragut Lane,hmildenhallr1@vinaora.com
30228920266682,"Dickinson, Treutel and Johnson",113-336-8632,4753 Sullivan Terrace,bhefferonr2@timesonline.co.uk
5100146518882815,Kozey-VonRueden,841-919-0778,6027 Westend Trail,rtroupr3@wufoo.com
5602251765085535,Bradtke Group,781-306-9888,536 Forest Dale Alley,ceganr4@washington.edu
5610531415571877793,Howell-Jones,677-859-7848,1008 Arkansas Drive,cclubbr5@hostgator.com
3539981935350574,Howell and Sons,213-337-1283,48860 North Parkway,smarchantr6@cafepress.com
3572920565790145,"Stehr, Koss and O'Reilly",191-102-2325,37546 Eagle Crest Road,apopplestonr7@flavors.me
561053966033152793,"Cremin, Roob and Runolfsdottir",852-187-4490,39778 Summit Avenue,barnauducr8@house.gov
4026445669399619,Berge-Will,573-501-6496,72478 American Ash Circle,cstainesr9@boston.com
4936852766607209,Gibson-Corkery,835-711-3847,04111 Ridgeway Hill,kcorteneyra@vk.com
3585075030362510,"Williamson, Upton and Hamill",926-807-2052,4704 6th Trail,pearryrb@slate.com
4973405318084353,"Maggio, Fadel and Gutkowski",185-128-1161,1 Talisman Trail,jbaptistarc@php.net
374283922855796,Senger LLC,109-844-5351,1023 Riverside Parkway,bbowlandrd@bbc.co.uk
337941907505266,"Price, Breitenberg and Cartwright",106-116-0149,6 Lyons Junction,kellsonre@google.com.au
6706236060663891147,Fay-Hansen,277-363-4050,710 Green Ridge Junction,gdewintonrf@yolasite.com
374283434713996,Koch and Sons,314-229-8054,340 Fairview Junction,fpurdierg@usatoday.com
6334636095625534,Smith-Kreiger,203-122-0628,66 Meadow Vale Hill,fgadeauxrh@comsenz.com
3562026417297701,Bayer and Sons,751-706-9231,19635 Katie Parkway,mbroinlichri@cloudflare.com
3549019407507500,Casper-Wisoky,563-466-4059,7 Morning Parkway,cespinayrj@google.es
4405902413936774,Willms LLC,972-378-4044,02 Miller Crossing,gfrancescucciork@amazon.de
30228972526629,Reichel Inc,128-150-9661,96316 Spohn Center,fpersentrl@umn.edu
30509413751482,Rice LLC,195-620-2986,9 Upham Parkway,bmissendenrm@ycombinator.com
6386216185750141,Wiegand-Towne,580-166-4902,3459 Bowman Place,ihanbridgern@php.net
633417187273783290,Fadel-Beatty,199-408-2949,7444 Johnson Road,jmaslinro@businessinsider.com
560223372875372341,McGlynn-Ebert,499-647-8303,09 Wayridge Way,lstrakerrp@mysql.com
4917974857836183,Goodwin Group,316-680-5423,45962 Darwin Park,emcraerq@de.vu
201684023984303,Padberg LLC,386-991-8802,8 Amoth Court,rdresselrr@dmoz.org